6.757435873555493799e+01	1.232201100698742096e+02	-9.908406770791228269e+01	-2.333822196421694173e+02	-1.482031578721577887e+02	-6.149762759701113879e+01	-2.639258981262144630e+02	-2.030804611925008629e+01	3.510486783086216178e+01	-1.327124466060882355e+02	3.742319097125252370e+01	-6.678599702988444164e+01
2.471076925631817858e+02	-3.509282340773171427e+02	1.750722379289495620e+02	-2.644777418037018606e+02	-5.525832533551161987e+02	-7.705090443535323175e+01	1.013346544376661598e+02	-1.729616288447751629e+02	-4.096310309091474267e+01	-1.244802372997685183e+02	1.414308419761119353e+02	-1.271506297963856298e+02
1.867764437172806140e+02	-3.647658216263025110e+02	2.349647340137098297e+02	2.830149542732303303e+02	-1.920241375008957334e+02	-2.834354388630900701e+01	4.132182371740407234e+02	-2.792128856172636233e+02	-2.578626499514051034e+02	1.180794049344684993e+02	-1.117968503031810172e+02	7.540087133411049081e+01
1.642313475287208178e+02	8.858485579711808100e+01	-9.876495820775086543e+01	-4.014604992079774206e+02	-4.048391643920604679e+02	-1.014261059712878250e+02	-1.725893831244505350e+02	3.863061016050524188e+01	-2.538487042014601514e+01	-3.067953810666486447e+02	2.908536627926820870e+02	-2.547342041372218659e+02
2.707481501590594348e+02	-2.319495308145990862e+02	2.501438880738627404e+02	-6.958383063764946996e+01	-5.168611520365747083e+02	-7.750450327800386674e+01	1.237896757794800919e+02	-2.992327869471951658e+02	-4.912021395734569751e+01	-4.201263268306718857e+01	2.750060243550774430e+02	-1.466298370475150818e+02
-4.259766757406066517e+01	-2.925942982808928150e+01	9.361503999784790153e+01	2.383456608988712446e+02	1.257655153471853282e+02	1.482280555098670938e+01	9.840270027288268295e+01	-5.089182860072168779e+01	3.024194119796150915e+01	2.214076575981405313e+02	-1.346626503440687657e+02	6.940516564897437490e+01
1.685054337147579417e+02	-1.756123365923350548e+02	1.052819751613276225e+02	1.797670247527393173e+01	-1.111752754409344703e+02	-2.123015084786828766e+02	1.789894530673258828e+02	-7.902724567709756798e+01	-3.001201538848658288e+02	-1.765767437705204657e+02	2.036108659221889639e+01	6.854611873210902218e+01
7.640284383036143367e+01	1.177217325634698426e+02	-6.852505574115497211e+01	-9.849953093748368360e+00	-8.057272619950602177e+00	-1.273454147494271638e+02	1.112733294009613445e+02	1.461900559066860126e+02	-2.199265553853268784e+02	-4.124700459269432713e+02	-1.579526554605844808e+02	-3.352551646165616717e+01
1.578873203863418269e+02	-5.180921166588390179e+02	3.223619940431442501e+02	4.316001179406030133e+02	-2.733794715060511749e+02	-1.005915051849273993e+02	5.306623486857638454e+02	-3.537513516579611519e+02	-1.985671202799618698e+02	2.608343086003451390e+02	-6.242658759608065822e+01	1.953900501868025401e+02
1.239594190565339886e+02	-3.978706524226365104e+02	3.090590636691942450e+02	3.300171952337196899e+02	-8.675559021546641247e+01	5.686677223679559035e+01	3.069959195467039308e+02	-1.974390847561292617e+02	8.446965877897767427e-01	3.479415695623932834e+02	1.147549985916911197e+01	1.409326574103413918e+02
1.335424201007841418e+02	2.130935740357159887e+02	-1.205762222184225720e+02	-4.666247806505658673e+02	-2.625493595025704963e+02	-8.899734027424457850e+01	-3.200854876242606792e+02	-1.810873045166162143e+01	-1.800731609085785863e+02	-3.693236415146448621e+02	1.376432925342992917e+02	-1.927733811995273356e+02
-2.287480583364064728e+02	2.077492069866923430e+02	-1.347896561809967864e+01	2.163434381914990468e+02	5.871974232200491315e+02	5.717002844192347055e+01	3.678490519454507535e+01	3.604158293690240953e+02	4.951779108807428287e+01	-2.616087279501927298e+01	-2.269529293323245440e+02	9.693303861736625038e+01
-9.290754170366093945e+01	-2.227908019420759445e+01	8.101197687731277597e+01	2.046314442618444502e+02	9.890526836755759632e+01	2.803120202446820741e+01	1.520856538538892551e+02	-6.448444798487766150e+01	2.867872879405451059e+01	1.731426812309174750e+02	-1.425970444727237805e+02	1.321771210990218322e+02
2.528467909671546749e+02	-4.531630313980916185e+02	1.890294953108796676e+02	9.198710470791702676e+00	-4.496115885828244245e+02	-7.294274950251605105e+01	1.970625688470651653e+02	-2.764026601584329796e+02	7.642096299824436301e+01	8.588850197334950565e+01	1.617778444697286488e+02	3.321118411409621274e+01
-1.118722330298185739e+02	2.178543491598754258e+02	-1.579667790383755914e+02	1.210096229762552866e+02	4.698485223645494671e+02	-5.921608260231344900e+01	2.023654613890400356e+02	1.730777297360987745e+02	-2.786031133786344753e+02	1.458430463323622917e+00	-3.028896585110186379e+02	7.193414821070085452e+01
1.671083398533373838e+02	-1.163633275951077053e+02	5.734036719719109243e+01	4.950401046560175189e+01	-1.245363592758086781e+02	-1.826599687762004578e+02	2.124762108156786837e+02	2.429249961352681453e+00	-2.658153244609127341e+02	-2.368727009213693009e+02	2.921093306527038180e+01	-9.810048626981593856e+00
-1.601818061453653002e+02	1.862878943197651722e+02	-8.813674253219151922e+01	2.522826522036429537e+02	4.376562984761966391e+02	-2.319329664139935687e+01	1.576827262216011434e+02	2.537870725861532151e+02	-1.538669858582768200e+02	-1.178273014740402260e+02	-2.273164993995703753e+02	1.672164296503548258e+02
-3.265086252776245601e+01	-4.657279201466035090e+01	1.396571137470128861e+02	2.174170538475280523e+02	6.989714769998684574e+01	-2.615527943862468874e+01	2.023009363298951371e+02	-1.246089114155602999e+02	-6.980937072917016906e+01	1.326412410386512306e+02	-1.321045587840168878e+02	1.113630464277981247e+02
1.042754587225596055e+02	4.129852381172540987e+01	-5.720166058026178746e+01	-2.422724940673204230e+02	-1.786958826516360830e+02	-8.669541859408646189e+01	-7.508833539904175325e+01	8.604480422993384536e+01	-1.345907006740700069e+02	-3.512405948815340935e+02	-3.126645264162438309e+01	-1.519628827623440657e+02
-1.443713237918602488e+01	-1.481018130921449938e+02	1.803247930679523847e+02	3.599206633571683938e+02	2.052358322990363035e+02	-8.754125142604334542e+01	2.940549729940705674e+02	-2.978334546505535485e+01	-2.068518380248339383e+02	7.919481432866638215e+01	-2.207332157326545712e+02	1.801619148375242787e+02
1.573850022627734404e+02	-4.052007000667969692e+02	2.635777420953009482e+02	1.464194640441509705e+02	-3.426187111996990780e+02	-1.185211039277544529e+02	2.987492047336252199e+02	-2.825407023276194991e+02	-1.217919282864577113e+01	1.913200964142803002e+02	9.692976991349193838e+01	4.686482256723249407e+01
-2.067130410683585922e+02	-1.146917494587803503e+02	1.594550987857645055e+02	2.739457156672186215e+02	3.076696222929700753e+02	2.006494404684753476e+02	3.859448841987546075e+01	-4.872054987965174178e+01	2.568929176484400614e+02	4.438275491490097693e+02	-9.240014978223172193e+01	2.017998655698793868e+02
3.274617647880374989e+02	-2.093998309237687465e+02	1.692667945285597852e+02	-1.094343516087956658e+02	-5.947427712363024739e+02	-6.069865371657405717e+01	3.917945176946557950e+01	-2.490289929364467127e+02	-1.250315530497634029e+02	-4.893427884093576807e+01	1.811801861813899279e+02	-1.439911744906088700e+02
6.238631741157108479e+01	1.746359082914682403e+01	-1.480619405805865085e+02	-2.870641717033821578e+02	-8.733338273388267226e+01	6.238036936598760462e+00	-3.725550206728963190e+02	-1.862416380870081767e+01	1.264403065302766720e+02	-1.256596029464668050e+02	1.479125255281564364e+02	-2.239785750010642005e+02
-7.856651777067287412e+01	3.906539181434122270e+02	-3.160259100849401079e+02	-3.006927388828531207e+02	8.211903182777224686e+01	-1.630765713844618503e+01	-3.025607679234161651e+02	2.565247676523618452e+02	9.564014407643167459e+00	-2.786752082022556465e+02	-2.266726762529387429e+01	-2.240977669059483333e+02
-3.499358022193150930e+01	-1.240622729793789745e+02	1.653824929638175547e+02	4.539107166985312460e+02	1.411047035564201337e+02	-3.288858391817034743e+01	3.936032119162757681e+02	-6.521462026464899964e+01	-2.536638265129392948e+02	1.086599013479597033e+02	-1.759175847107697450e+02	2.290961409054158082e+02
8.437407283715506878e+01	-5.175916255225395162e+02	2.901221569145313879e+02	4.227226638621154393e+02	-2.767495982832743948e+02	7.101399380014797202e+01	6.247320422462059923e+02	-3.913598876833410714e+02	-1.902704455065825186e+02	2.384148629580189436e+02	-7.010348825593899846e+01	1.372604222804561687e+02
1.189885313387155890e+02	1.981641572971005303e+02	-6.034380832561745223e+01	-1.725756511426203019e+02	-1.154643026832968218e+02	-6.665467389628983597e+01	-6.339953698950917271e+01	1.010971975644555556e+02	-8.359215975187774461e+01	-2.492076753380412129e+02	3.729948249675438632e+01	-6.885477005422538355e+01
2.291056561048918354e+02	-4.247414094816474517e+02	3.055574776857680490e+02	2.214121478035523864e+02	-3.549416811182090896e+02	-3.477616259716170077e+01	2.304811798851475260e+02	-2.089243644223120100e+02	-1.117986182778610953e+02	2.382138587542928008e+02	8.719468327452662493e+01	1.506018252401958648e+02
-6.736698392339533825e+01	-7.541563260505490973e+01	1.466266687382814098e+02	1.795024763988924690e+02	1.810312560178510921e+02	-6.413294783308714386e+00	3.263828564596919932e+02	1.610427774105389176e+02	-5.519880590250264163e+01	1.116681896803461598e+02	-1.690471902061533456e+02	1.613479558752040361e+02
1.431078371677378414e+02	-3.546615630322684609e+01	2.389944810196563907e+01	-4.003376782153395652e+00	-1.963702563217021577e+02	-1.309013629485870638e+02	1.819444961314606530e+02	1.053702223027448497e+02	-3.414621961961298098e+02	-2.666725950246895991e+02	-4.580458938323209850e+01	-9.355167792246732006e+01
-6.782168014093839759e+01	2.213110006562180558e+02	-3.724214813750057829e+01	1.170317217541439305e+02	3.262020699644551769e+02	-3.890111503238409796e+01	9.375245175006563159e+01	2.015084636965376603e+02	-2.387537780886662233e+02	-1.566524489096248089e+02	-2.625572853211794495e+02	1.821359515490198646e+02
1.095778270605887741e+02	3.174767182946012412e+01	-5.678869151696125073e+01	-2.125892591976724475e+02	-2.031105531293177648e+02	-2.424240079488903916e+02	-1.078809839497204592e+02	8.876577829939429876e+01	-9.159514444292342716e+01	-2.901562697204128085e+02	4.141912034390642816e+01	-7.375539769666228551e+01
1.321870694038788372e+02	7.319197791649288831e+01	-1.712680906838093335e+02	-2.147299295585313814e+02	-2.028300104092203071e+02	-8.210858732072792066e+01	-7.678197921150992045e+01	-3.808848206238944556e+01	-1.333682902317394223e+02	-3.166725808354116225e+02	-3.655947697482308456e+01	-8.985967716041221820e+01
-2.225179426420512812e+02	2.384218933655919841e+02	-1.067569537248618019e+02	3.650747543697846140e+02	6.474190784849348574e+02	4.840142076721747344e-01	1.632898996178456628e+02	2.846733233208790352e+02	-1.150800932681820967e+02	-1.581903246924508721e+01	-3.387067827312600912e+02	2.483473654944713758e+02
1.654170103692786427e+02	4.568773034915366082e+01	4.640367011675689923e+01	2.399989862792692463e+01	-1.309334967796552291e+02	-2.432346891450713144e+02	1.226883455040001252e+02	-5.347734837835531607e+01	-2.414017033925663895e+02	-3.736473969612317205e+02	6.486627288127550628e+00	-2.181219766015129835e+01
1.411212856400052829e+01	3.821673185254473992e+01	-5.287010599490371021e+01	-2.605587335855471451e+02	-1.739574956696740173e+02	-4.588277724872749985e+00	-6.289233266990802207e+01	3.310956198121441219e+01	1.086206668114463270e+02	-1.243116086996446228e+02	1.128777829660748182e+02	-1.397945261988842276e+02
2.267422325268126713e+02	-1.584282614402632134e+02	5.666964286420816066e+00	-3.108230016626782231e+02	-4.815564484049089060e+02	-9.936155547188537440e+00	-9.943822942016137745e+01	-2.011022366396991288e+02	-3.676669438939519807e+01	-2.447651428612880125e+02	2.340168532837813018e+02	-2.332874195297411859e+02
-3.249865661401722150e+02	2.819977075166559644e+02	-1.276998204444694807e+02	2.679711557929473997e+02	5.729704597337603218e+02	5.007546629481872458e+01	8.590847172581544555e+01	2.109478804682032660e+02	1.190929895113294634e+01	4.691321286077373287e+01	-1.586889481100999717e+02	1.116585018521390111e+02
-1.233675485367803617e+02	-1.683327927737091727e+02	2.347116196491298012e+02	6.085154682588123478e+02	3.395529426650704750e+02	-3.365421456120444077e+01	5.658720096082541886e+02	3.666533221140571186e+01	-8.927296079283946995e+01	2.557519521228408905e+02	-3.387213284891539047e+02	3.463120708950809785e+02
-2.895891004447676096e+02	9.481153183942093676e+01	-5.418807070146553428e+01	3.303540954485374641e+02	5.336449696639740523e+02	9.481764159491122257e+01	1.745424428973483373e+02	3.938155350485212836e+01	8.176545892433000517e+01	2.701807471819354305e+02	-1.382069199063985820e+02	2.159257274190351268e+02
-2.674112375105299861e+02	2.170075157529416288e+02	2.735923453487665213e+01	3.308340489286248385e+02	5.206433689582161151e+02	2.977971829266657267e+01	2.361828262931838651e+01	2.107391747297574227e+02	5.901903172155564192e+01	2.556201868872315686e+01	-2.404115242721931054e+02	9.602314038949772623e+01
1.847795715606267777e+02	2.854428331735183022e+01	-6.906805852267535784e+01	-9.078443164345989658e+01	-1.419055904256181293e+02	-1.981039992274569670e+02	1.724669025722818105e+02	6.802621035732200028e+01	-3.178351637200413506e+02	-3.860390080789071590e+02	2.748997196617196437e+01	1.807434164182826208e+01
-2.036642368642511087e+02	-1.046849977150424280e+02	3.530046660206176057e+02	6.461145602703351187e+02	4.148798270218432549e+02	1.288295926637240143e+02	3.978383586375726964e+02	-9.420080210887937255e+01	6.290790907753124372e+01	5.569293956091829614e+02	-2.520806043748328591e+02	3.894879239582453465e+02
1.644159107739054662e+02	3.300718279470655716e+02	-2.229409781424948562e+02	-5.951794560065628730e+02	-3.853470660814758162e+02	-2.245215554149712887e+02	-4.055908112552506282e+02	1.383025627219056446e+02	-9.659584674787339509e+01	-6.026634666061670487e+02	2.758394696634024399e+02	-2.924464594710813117e+02
7.148440776609066916e+01	-2.419925176197247083e+02	1.813158944315650558e+02	4.024957457254184305e+02	6.089387879950859173e+01	5.018773847318586689e+01	3.170941287659993577e+02	-1.219449862085606640e+02	-3.928576509719142251e+01	4.882681205893559309e+02	-1.377824394225002607e+02	2.101476924461356930e+02
9.719490389097850880e+01	2.286391734055304426e+02	-2.948200114526329685e+00	-1.172321513545368532e+01	3.707383143015884741e+01	-2.544483942694417919e+02	1.082572582679313768e+02	1.414687170209068086e+02	-2.792926046113526581e+02	-3.667227307840487356e+02	1.217102040807446883e+01	-4.425779015756022261e+01
1.403712847630585827e+02	-2.041434735642941121e+02	1.305656444432992771e+02	1.649747255075326962e+02	-2.410467509880189994e+02	-1.925035456647707690e+02	2.000075756314013233e+02	-1.201423999398554940e+02	-2.069135330718789589e+02	-1.623938257503951661e+02	-7.233528672915065272e+01	9.110505803577102313e+01
-6.968444064490569190e+01	-1.534154564691284861e+01	-1.414566470807473024e+02	-1.303929875055377750e+02	1.014602068820587277e+01	1.431855206474660633e+02	-1.679259892210154419e+02	3.144440293279185283e+01	2.403580453609691858e+02	1.430226112349180028e+02	1.034442566911389036e+02	-1.089918200431669248e+02
1.287164212891165391e+02	2.552538855814256635e+02	-2.185866411151323518e+02	-6.417372546244891964e+02	-3.945630073248031522e+02	-7.353215943578821623e+01	-4.655418851828166567e+02	4.327285745765284730e+01	-1.182200352957321314e+02	-5.382618744739136218e+02	2.894442955554486048e+02	-4.099089959839274115e+02
2.873429138783906183e+02	-1.621818244994231861e+02	4.815924367323199817e+01	-3.186543426775269836e+02	-4.608591319337837717e+02	-6.507225854064117243e+01	-1.186693050626965089e+02	-2.247065272345104177e+02	-2.045856762316873301e-01	-2.210275049285192210e+02	2.148821725223439216e+02	-2.463722214778844943e+02
2.099252198750399145e+02	-1.480264669712482117e+01	7.342579387643857558e+01	-7.608530366950350299e+01	-4.767825273865904023e+01	-1.126791463059911109e+02	7.478332203039308013e+01	2.494227689587829389e+01	-3.143967206651873880e+02	-4.519639623238554123e+02	-4.624883369446082781e+01	-6.185103934710181761e+01
-1.762846352819768470e+02	4.395195862175773414e+02	-2.893049320499048918e+02	-1.824595587296169867e+02	2.866184075440411902e+02	-1.006516871981585837e+01	-2.318027105275576787e+02	2.223037151343833102e+02	-5.211334235713070484e+01	-3.105051839554822664e+02	-2.686474187969555061e+01	-1.673676177540212677e+02
-2.435636952538102662e+02	-9.207046062079015769e+00	4.912948648207753166e+01	3.759349934001880342e+02	4.772502137058731364e+02	2.098315137069940306e+02	1.421349158704608442e+02	1.971021500632706989e+02	2.034377466543532620e+01	3.157661819416593971e+02	-1.679711123910839206e+02	1.792570119496101597e+02
2.814952483362177986e+02	-3.190291578435189308e+02	1.845580993339061706e+02	-2.148675161020210567e+02	-5.413139089471484340e+02	-8.034298813332452482e+01	2.446888653316994677e+01	-1.454486232117782833e+02	-3.442236775034929508e+01	-1.598495685300816547e+02	1.536431914526582432e+02	-1.912941125482115297e+02
1.306096821959045826e+02	1.554272934890842350e+02	-3.218873321298825090e+02	-6.239923141947075464e+02	-3.636517259948465721e+02	4.821423460901057467e+01	-4.853562055676366072e+02	7.251258291273099132e+01	1.239084076998254034e+02	-3.359597350220337830e+02	3.288824195359362648e+02	-3.391251318585661920e+02
-1.102377721106358734e+02	2.642521290497251130e+02	7.809077402078524699e+01	1.002455573091896781e+02	2.208789508391864445e+02	-6.796830140997677461e+01	6.674922962698144602e+01	7.432553222522966507e+01	-2.722326563497961160e+02	-2.291209772372000089e+02	-2.309516146284335889e+02	4.838271571421161354e+01
9.028728286796994951e+01	-3.852046348881517588e+02	1.776204509156295615e+02	3.259166130835142781e+02	8.387331736998504539e-02	9.358651172514728955e+01	2.601346743608703491e+02	-2.543522946060308243e+02	2.581919893514781350e+01	3.744330422943136227e+02	-1.086105643855939604e+02	1.481172007735751492e+02
-8.888878388201420933e+01	3.689064619049544262e+02	-2.358020087170233410e+02	-2.975767779365852448e+02	1.030456018072712823e+02	-2.845832509660241527e+01	-3.229358059917406649e+02	2.672372334019938194e+02	3.939369651688726748e+01	-3.243604133703619823e+02	-1.083062416241200765e+01	-2.094627812526547075e+02
9.757506688694149943e+01	2.898102186421343873e+01	-5.992395478201153480e+01	-1.604663993400297102e+02	-5.767332315901663264e+01	-1.815943544321225716e+02	9.530763441894603716e+01	8.680645288270052617e+01	-3.268891708019332327e+02	-4.470474147637972919e+02	-7.400586363978382565e+01	3.053785897330121912e+01
1.553555189215963139e+02	-2.690632206009471474e+02	1.754992377785258384e+02	2.456583237938993420e+02	-2.608917362560839592e+02	-2.324394806285931026e+01	3.750425715883187081e+02	-1.768016303371117885e+02	-2.135545685495497423e+02	-8.736039512246875915e+01	-5.891521787162949408e+01	1.706466854196580698e+02
-1.892786527373370120e+02	1.508131975862370950e+02	-5.614890148055299335e+01	3.962076313655144304e+02	4.877070253578667689e+02	1.450407351549203838e+02	8.040485100662192508e+01	1.764874699235087121e+02	7.152119955892791836e+01	2.361722041050639689e+02	-2.006692315528134145e+02	2.096193563071918220e+02
1.487048358690310579e+02	-4.586222937815252294e+02	3.279081462260896842e+02	3.426749445281589601e+02	-2.098038879989078112e+02	-5.487533866866900212e+01	4.926607061558551095e+02	-3.384644024894560062e+02	-1.924744406143417450e+02	1.581088503510417809e+02	-3.658139413714083332e+01	1.091074396400398143e+02
1.518768907474844241e+02	1.612638824336759455e+02	-9.521088861880798504e+01	-3.526390365931720225e+02	-2.641020936656072422e+02	-1.254926391634288336e+02	-1.588220823660285816e+02	1.239649202681528521e+02	-2.749788369504655066e+02	-5.744411109240259066e+02	3.387702656151810743e+01	-1.374025210306760130e+02
1.031839612156490631e+02	-3.155779981588285068e+02	2.241283739852241865e+02	1.520118898225218231e+02	-1.767178215492685922e+02	-1.710452527317118552e+02	4.379067854285341355e+02	-1.914476726423548598e+02	-1.987449674592299402e+02	-2.553296755305041188e-01	-4.613960962207343641e+00	1.613374493852507499e+02
2.160450610936172211e+02	3.593140066360351170e+01	-1.107095183755663328e+02	-4.758213679354933561e+02	-3.562184359702938536e+02	-6.269103938060896297e+01	-1.628791082681953242e+02	4.618947110307755821e+01	-3.444525870183898064e+01	-3.226150111622863506e+02	2.167641092223848887e+02	-2.366574603189844197e+02
4.760050838245572180e+01	-4.968281579645708490e+01	-2.984482178340748249e+00	1.272088624094256772e+02	-7.706789352132911830e+00	-8.736650689866380048e+01	1.272165781489157297e+02	4.397398848851906905e+01	-1.861727271155213259e+02	-2.826954434884662533e+02	-8.489055045797657328e+01	-6.766542802635881060e+01
-2.412294373142062796e+02	2.299770517903116911e+02	-5.076218600338665254e+01	2.463858399064125138e+02	5.452139456049307000e+02	5.855724800699881882e+01	7.532687824708497715e+01	3.100201685287249802e+02	1.366161912434967718e+01	2.511585111860047448e+01	-2.596260408247361511e+02	1.254575896393045298e+02
4.104304605498666803e+01	-3.893695387198490607e+02	2.497206741795756386e+02	2.828508676920383209e+02	-1.516262498965682255e+02	4.095967110051368110e+01	3.371119081444211929e+02	-2.426729079276923073e+02	6.392217600461430038e+01	3.241627687383089551e+02	-1.252921517501685287e+02	1.205420327482296017e+02
1.131218069981758987e+02	-3.171027377896193116e+02	2.502507395340522010e+02	2.131532986087611619e+02	-2.062181678037026984e+02	-8.422138207043172997e+01	3.284984341963926227e+02	-1.808939854690281095e+02	-2.874655179520879074e+02	4.384594486296634841e+00	-1.786866809594184957e+01	7.150088592581710145e+01
1.055791970151555006e+02	-4.638464149805863030e+02	2.989012732028415371e+02	1.501741036788838528e+02	-3.439128751351097435e+02	-5.826965064545929351e+01	2.659472148827299520e+02	-2.887919256548644853e+02	1.010130496512272913e+01	1.799227501018410180e+02	1.246206486209889874e+01	1.697636589444555000e+01
-1.016834704061700734e+02	-1.046283496221793854e+02	2.925758270436522679e+01	1.390145430535894491e+02	2.041509656644188624e+02	7.327119819049011085e+01	7.666460351806026097e+01	3.310224034522256886e+00	8.797586536725047779e+01	1.866575067770173746e+02	-2.693901563782510777e+01	1.181270883952429642e+02
3.958729306554499061e+01	6.324748584183541311e+01	-2.126413823151791291e+02	-3.070736567379861981e+02	-1.254920414110130196e+02	5.069455048835601474e+01	-1.991266516171529588e+02	1.118706399980339938e+02	9.835807280291328425e+01	-5.443894342705246459e+01	1.338050252477695494e+02	-1.597191987409234457e+02
5.690391126651041276e+01	5.045601693015470346e+01	-1.904972840169754420e+02	-2.908474833676519893e+02	-1.490582328021128831e+02	-5.596848609553885012e+01	-3.541919529890996046e+02	-2.288667562695252400e+00	1.433190436779783852e+02	-6.963660207884402098e+01	9.803564585203585580e+01	-1.719876338573308487e+02
-2.257929508066099515e+02	-3.482233645711827421e+02	1.867190703783696790e+02	3.884250547028711935e+02	2.537686920097918346e+02	1.135798891769276082e+02	1.866967164532676122e+02	-2.883051062046430957e+01	2.524931886673319923e+02	6.724731612511932326e+02	-1.408547177527594272e+02	2.671275592201465656e+02
4.711639943816693687e+01	-3.102689744901719564e+02	1.955422695695552875e+02	3.855099946217064257e+02	-6.860301987474380780e+01	1.047703573801388757e+02	3.229591028159862276e+02	-1.167704551873565890e+02	5.306991762102761356e+01	4.496091925818065533e+02	-5.040951768327749960e+01	2.037229655254895135e+02
9.792734445424804335e+01	2.206517813647865296e+02	-2.324744279745697213e+02	-6.449366426023300392e+02	-2.551198154251989081e+02	-4.005736709484347102e+01	-4.955683062672877668e+02	4.653699331119732108e+01	1.874391694539656044e+02	-2.448209376694474031e+02	2.892106448616093530e+02	-3.003315491015316070e+02
-3.655294099246468420e+01	2.360906195368040130e+02	-1.095979895056130999e+02	3.932861316016777664e+01	3.070914890570886655e+02	-8.261262290125691266e+01	1.478529826916625893e+02	1.478471357614342594e+02	-2.058471544303312157e+02	-1.834642528457077333e+02	-2.520421783632828010e+02	1.723976891312702264e+02
-7.878636720952191297e+01	-1.090938315764846607e+02	6.159953793644103115e+01	-3.543371772518761986e+01	2.386035162688862599e+01	6.017236796397344989e+01	-4.168876872890585616e+01	-9.046822598554614103e+01	2.374997452525654182e+02	2.808850862935727264e+02	4.944560527022106555e+01	-6.727759027138453973e+00
-2.513495525526039387e-01	4.152196078292311654e+01	1.685107710477080900e+01	-7.570719956103567938e+01	-2.092686621129443836e+02	-2.180703599929166216e+02	7.012687410710839231e+00	9.972333755331791849e+01	-3.381910800420199621e+02	-4.682511586586824137e+02	-4.234539254867227953e+01	4.810320278310820186e+01
-2.479572150250646416e+02	2.479761396757965883e+02	-3.266395324829707647e+01	2.995797992841428936e+02	5.256047315818542529e+02	7.511133294975550712e+01	6.235394896289979272e+01	2.774764215169338399e+02	-2.894764112316063631e+01	1.370016289444436950e+02	-2.341917673246052232e+02	1.928545570004467322e+02
2.069311491707962887e+02	2.219453236083124921e+02	-2.311117247491023079e+02	-6.209217187686650732e+02	-4.620972173857873599e+02	-1.043401418611802569e+02	-4.317439903952993632e+02	1.656806740523767587e+02	-6.805794119057730995e+01	-5.038263802447842181e+02	3.382349526009297165e+02	-3.780290267400834523e+02
-1.238469556358990502e+02	-1.147930437506030898e+02	1.133552690233996287e+02	4.195337716953341669e+02	3.838717939565536881e+02	4.098634827613011566e+01	2.670927038260538779e+02	-2.262510596643806338e+01	1.976512597848218178e+01	3.100233054042655567e+02	-2.375137545352301345e+02	2.924925318197049364e+02
-3.055029739806599309e+02	3.701800642494858948e+02	-1.675652021771450961e+01	4.070410309468787204e+02	7.126088849963116445e+02	7.242000338745611998e+01	1.712206082811310921e+02	2.878218742791790419e+02	-1.402131398909735651e+02	1.648162382286347452e+02	-3.750717253379646081e+02	2.919764902961394455e+02
3.856163217867013060e+01	9.116627851051426035e+01	-5.533061420333929448e+01	-2.800137385249570912e+02	-3.323451126697537461e+01	-5.414302994099637800e+01	-5.153477365939868093e+01	1.200303733712693344e+01	-1.915456449974305286e+01	-2.201058736590240983e+02	1.123220900238378448e+02	-1.075223218622831638e+02
-1.307800153675638057e+02	-1.101978594299688012e+02	9.177100347943417091e+01	5.079511377264425960e+02	2.580377705127743866e+02	-9.081108291756147821e+01	4.740831529343810189e+02	-7.791534823145008204e+01	-1.574108315981901853e+02	1.318373019816802412e+02	-3.749376028579604281e+02	3.022382225382564798e+02
1.105251287473318200e+02	2.320357136414837953e+02	-2.965411457911176285e+02	-5.799634197008508636e+02	-3.625121183511599270e+02	-1.572251276913465290e+02	-3.543139277636624911e+02	1.472230684206640774e+02	-1.757043797722280090e+02	-6.309042254389468098e+02	2.496869662373723600e+02	-2.815549276870920608e+02
-8.838417524192610131e+01	-1.473909839757927216e+02	2.126890032838591367e+02	3.784842330271688411e+02	2.030008934282941482e+02	-3.119837793863597142e+01	3.080838456052515539e+02	-1.138906151990649249e+02	-2.193572842119401116e+02	6.384913284572911607e+01	-2.012622146969566472e+02	2.224372258820081925e+02
-1.559852118842587174e+02	2.745288207142432952e+02	-5.533039135075877368e+01	3.122931328972815663e+02	6.704726451197018378e+02	1.631810330976716727e+01	1.632232246687880206e+02	1.502902217553788091e+02	-1.553797972251011288e+02	-5.870527052034378812e+01	-2.556619287559312852e+02	2.139725590625461109e+02
-1.154602772206271482e+02	-1.596052829920836302e+02	2.054423943763029285e+02	6.490322993257747157e+02	3.698698538527143569e+02	1.870553286799889747e-01	4.690958185031992116e+02	-5.243722872500939047e+01	-1.359118934085689148e+02	2.860646766900771354e+02	-3.063619227772455247e+02	3.468106448062034701e+02
2.200348515973816532e+01	1.826476437980184642e+02	-3.668020804056163797e+01	-1.210031551288859646e+02	-3.544897028597623034e+01	-2.363202785280996920e+02	1.526224456325212202e+02	1.011709233332355780e+02	-3.237522748107094799e+02	-3.454915490806928915e+02	-5.109519797908869521e+01	-4.185718721153023125e+01
2.314007114554568716e+02	-4.329997681189704508e+02	1.869039962430117043e+02	2.635628188812868302e+02	-2.888535892152007705e+02	-1.139445754497334917e+02	3.060664638667844315e+02	-3.696374467156648507e+02	1.497875394191801846e+01	1.892085842360772006e+02	1.255064621880191567e+01	2.528501100750899866e+01
-4.027478170644485544e+01	3.370098922143865821e+02	-2.032538102551272914e+02	-4.353912199383048574e+02	1.000521125358118582e+02	-4.313628876842109605e+01	-3.723266081992031218e+02	1.965051694484395455e+02	3.241137224866979949e+01	-3.092918167114510766e+02	6.999318595652476915e+01	-1.462667713081019656e+02
-1.125579448652846821e+02	-1.283168264959267617e+02	2.643210430730029543e+02	4.815640333218154865e+02	3.177718626683240473e+02	2.180712680923531366e+01	4.940035918110977491e+02	8.818226189150001915e+01	-2.108891847576713872e+02	2.212261900463389566e+02	-3.892000472800292528e+02	2.367563762711695574e+02
9.359421525200953340e+01	-8.240406272995932113e+01	3.073637633252135259e+01	4.860755845273591547e+01	-1.848427389781236059e+02	-1.188324520522554621e+02	2.196464404887031776e+02	3.598135237972599043e+00	-2.595966695610696320e+02	-3.252088141447313774e+02	-6.303521815478612211e+01	-8.010873692941444801e+01
-3.304683243661438752e+01	-8.474746804007412493e+01	1.727237537527533675e+02	1.703499676211862379e+02	2.009009991745310515e+02	-1.032391147619702281e+02	1.766734592316021519e+02	5.096787393086597007e+00	1.419100265602925219e+02	1.486788809638268560e+02	-8.874349166266200939e+01	1.280855138198305951e+02
-5.124493072016619521e+01	-1.721305403608977258e+01	2.537445500522493944e+02	2.306942452979679956e+02	2.417679525777448930e+02	-4.629093810917498786e+01	2.434367261031330543e+02	9.883289890977238201e-01	-9.783472092590140790e+01	4.735178965933212680e+01	-1.947918414393271291e+02	1.348820623242491763e+02
-3.974820593637493005e+01	2.363879033010599358e+02	-3.053993411796533763e+01	6.672494601001656633e+01	1.854184753577542040e+02	-1.140303551390271650e+02	1.068315931536282477e+02	1.000094559938602430e+02	-2.258384953842424352e+02	-2.531611258836547620e+02	-1.833980005496772776e+02	3.896349970711276001e+01
2.358833654649067455e+02	-2.352619831168028384e+02	3.699687672022263030e+01	-2.065468064864480482e+02	-5.610444002995945993e+02	-1.806453464855532332e+02	-9.861289927454305371e+01	-2.885471786094125832e+02	-7.986454154937223393e+01	-1.410183934634241609e+02	1.871984383607786526e+02	-1.699877542719595169e+02
3.718098097079406728e+01	1.423976067092689846e+02	4.452812758460889597e+01	-1.791163755025138471e+02	-1.713075336765398333e+02	-1.794403446167572440e+02	7.730292804694747133e+01	1.023015350628183597e+02	-2.805212948706212046e+02	-4.912397625247907627e+02	-9.148788322390711869e+01	-3.184749283430176092e+01
-2.931588140628725796e+02	2.646373379494097549e+02	-8.343391325788240920e+01	4.864861315995222526e+02	7.819824770384157091e+02	7.001104630045851707e+01	8.727847398193497952e+01	3.107124581110533654e+02	-1.496462217384119811e+02	1.231491658380478640e+02	-4.107132509663832707e+02	2.503473037371898897e+02
2.612955178100556708e+01	2.200190100054722393e+02	-2.613337767241873166e+02	-4.069660504520031736e+02	-1.503622246714255368e+02	-2.156533145795029327e+01	-2.785808507023491529e+02	2.020616998441931287e+02	-4.685246384687292220e+01	-3.732329077593497573e+02	1.847926624087491518e+02	-2.588227093474518483e+02
-1.587009600949760824e+01	-2.577741212595275897e+02	2.853203177743139349e+02	3.889506480954045173e+02	2.148567005703696395e+02	-3.897479423719633473e+01	2.775273113439558870e+02	-1.510312038516277084e+02	6.268094118181687691e+01	3.809180642307051698e+02	-1.371378136461258066e+02	1.933441197794087429e+02
4.841605386698215341e+01	1.353776639773344925e+02	-3.421092527766616342e+01	-2.977959900142450067e+01	-3.550603543088602265e+01	-2.047565618186548022e+02	6.325596374002290645e+01	3.193250348256815130e+01	-2.784781411275758387e+02	-4.349446325663236621e+02	-3.701792612947178895e+01	-4.497454417427078255e+01
1.816826266521492528e+02	-2.520125091361162504e+02	1.987194857153490943e+02	8.099849740894147487e+01	-1.613036817603355360e+02	-8.945209160769483958e+01	2.807866885578505389e+02	-4.753077021363853305e+01	-2.883119036382203149e+02	-7.484126209201122037e+01	-9.342421313899153290e+01	6.297762881211927066e+01
-1.881579203271490428e+02	-7.201855663357193293e+01	1.411678904115696014e+02	4.383359628092889011e+02	3.979780432808121304e+02	4.651407745553154172e+01	3.177201036289379772e+02	2.691342092028651223e+01	9.025607092578123059e+01	2.515531412849889250e+02	-2.017679697992832928e+02	2.088636785210466371e+02
2.241788712904797478e+02	-4.125537798207136007e+02	2.783377823483109523e+02	3.375053577773100528e+02	-1.855979009614975155e+02	-1.559022622859542082e+02	4.730233890337430012e+02	-3.327189160022877559e+02	-1.566788349666792328e+02	1.771328087349750717e+02	-8.897104526675987302e+01	1.405371501876487343e+02
1.393767172661505072e+00	2.993261678080219923e+01	-1.458777331290436905e+02	-1.141738579869291073e+02	6.163013444710830413e+01	4.016138008738943199e+01	-1.934356977549451244e+02	-3.925676377498163561e+00	2.662705509529143342e+02	7.771145505294165901e+01	1.304525925520108558e+02	-1.139388399886742320e+02
-2.607788190725993331e+02	2.210597976548464771e+02	-1.075038076968881171e+02	1.940617925666059307e+02	4.838637770900244277e+02	3.284941362472862636e+01	5.840674747509172704e+01	2.584552172279987872e+02	1.284804244758241865e+01	1.023075475523042428e+02	-2.849038051232533917e+02	2.215500090678812342e+02
7.741274796669289060e+01	2.483289937990807346e+02	-1.321871688017034217e+02	-4.328457872119682861e+02	-2.203601728405058395e+02	-1.330454050555246397e+02	-3.183352324771165627e+02	7.927154122586220808e+01	-1.132045507087020724e+02	-3.482886770822536846e+02	9.655284174242035533e+01	-2.005717058276561886e+02
-2.234204312136517956e+02	3.500786248621940331e+02	-1.941006011547946173e+02	1.631060617211980173e+02	4.677119987058430866e+02	5.594912753234256542e+01	-1.799343830530043817e+02	3.861510800735042608e+02	4.916384009042275238e+01	-3.193146969338416596e+01	-1.226274512597452286e+02	1.096146054201960141e+02
-4.890140964916560051e+02	3.700189118724425725e+02	6.934559503992979046e+00	5.192892153230166059e+02	8.792060162286605873e+02	1.610532310967128069e+02	2.614007476174015778e+02	3.803851643545482375e+02	-1.407973951236446624e+02	1.791523226461087575e+02	-3.572405547962774222e+02	3.590265304525319152e+02
-2.738218541129531900e+02	2.707263564507882165e+02	-4.183042650753264979e+01	3.678741891926717358e+02	6.193156553640303628e+02	-4.561782836387180851e+00	1.750965033948785390e+02	2.299819819168991728e+02	-1.017043819256203960e+02	-5.544845029141234249e+01	-3.510319989514171084e+02	1.950026313290627797e+02
-2.746106001970078836e+01	-1.186479693802711388e+01	2.525728903638768230e+01	-8.197552152271040882e+01	6.694460634421714929e+01	7.933498360569883801e+01	-2.077707962626149367e+02	-4.903548165035114437e+01	1.641452395663844754e+02	1.894544790100077307e+02	1.780100748993730804e+02	-7.478458256407564875e+01
-3.571685680159988578e+02	2.075164646968922568e+02	-7.007507261168815660e+01	4.920454570893455752e+02	8.810653793912388210e+02	1.026945794066477902e+01	1.920936363620726297e+02	4.168569420352835095e+02	-7.535396506237485426e+01	1.473240469881199033e+02	-3.932058317668338532e+02	2.920217079609571442e+02
1.043490461865290797e+02	5.251423491607169325e+01	-1.000571619982693079e+02	-2.187805991502800111e+02	-1.317435229544216782e+02	1.061212283782934662e+01	-2.075977893875880795e+02	-9.543709059806181472e+01	7.914956839827809176e+00	-1.335017722502339552e+02	1.191184618834177940e+02	-1.530684501195765108e+02
3.028771270036372698e+02	-3.910719605579316180e+02	1.822908059737955284e+02	-1.103167855951099625e+02	-5.213081757558258005e+02	-6.277147087448958018e+01	9.349969674736051672e+01	-2.620227575825894633e+02	4.244379139874683915e+01	7.185513460544294162e+01	1.511000181117617842e+02	-4.883628310494332680e+01
-8.189346826865431694e+00	-2.030009772346507475e+02	9.220178916215715503e+01	4.465938276714596213e+02	2.667965393401514689e+02	1.112857575957954168e+02	3.357084827111273171e+02	-5.417171211673576181e+01	4.076657680023998864e+00	2.984830552911476502e+02	-1.365539768599901151e+02	3.224333822132388718e+02
1.393417955232484928e+01	-8.651926447605302428e+01	7.092443434822200743e+01	4.688632925926199135e+01	3.784598274604670820e+01	1.594424496532285787e+02	-1.532173205303478767e+02	-7.591090644354110850e+01	2.225901580713884300e+02	2.348072771378167261e+02	7.641107746421131708e+01	-2.785746519280507627e+01
-7.941348333168932072e+01	1.789557912921485183e+02	-5.834562131211573899e+01	2.111309376541539677e+02	2.845198285669863481e+02	-3.673548679218674096e+01	9.624545188336463752e+01	1.792958347375229948e+02	-2.164529853610653163e+02	-2.347297378466869873e+02	-1.384094176329758454e+02	1.018295283699626452e+02
2.258061101490588953e+02	-2.255442346704199963e+02	8.559618619090382197e+01	-2.469547164232172349e+02	-5.647484626768052749e+02	-1.110665206724686982e+02	6.352635901541184182e+01	-2.264142423924847378e+02	-3.631833744330258185e+01	-1.914119457241775422e+02	2.564745239185361925e+02	2.283107437061374867e+00
1.322160420623376353e+02	1.102784753702091507e+02	7.423640818750472192e+01	-1.153070463017719760e+01	-1.445986697487879269e+02	-1.982146211614629578e+02	8.016870472487600807e+01	7.648537208994463299e+01	-1.951807423655675677e+02	-1.858301966936142549e+02	1.512082047303186272e+01	-8.881387863680504324e+01
-1.229949042704384681e+02	1.844236022821261258e+02	-3.769684694173980688e+01	1.564727018088193518e+02	2.107421705764416515e+02	-1.914198457059019347e+02	7.582889044032424408e+01	2.417197646085222686e+02	-2.159516624290426705e+02	-1.791881078071845650e+02	-2.129767061945952662e+02	1.003211953892699881e+02
-2.072903973382123581e+02	3.871135889203721945e+02	-3.061210722722141782e+02	-5.183847299014761489e+01	4.084678093762086633e+02	7.480359647701790493e+01	-1.864611620403183849e+02	3.508462019799980567e+02	5.736267798448845667e+01	-1.395694032185710114e+02	-6.868673815347779055e+01	-2.287340675610422380e+01
2.669956763939169520e+01	-7.378534527428772094e+01	1.388214556418432153e+02	1.225954207597572037e+02	1.259541678009861982e+02	1.320881838684292120e+01	2.494858671372514038e+02	1.049434234481995531e+01	-1.444090850749300898e+02	1.889901005307075366e+01	-1.417327506924924592e+02	7.773606387376553073e+01
2.355406423065275590e+00	6.694128340778573261e+01	-1.288451420532398117e+02	-4.407913177751484000e+02	-2.392135167518702588e+02	7.761247231587591955e+01	-3.748065574851906376e+02	-5.046190626268941770e+01	1.832382365403467475e+02	-1.292483506985433337e+02	3.002820859605715782e+02	-2.489551624136889814e+02
1.780292051051868896e+02	-2.040677773605138725e+02	2.336170203189309404e+02	1.986457853696610982e+02	-2.385472799180298864e+02	-1.053752062032642698e+02	2.605616255146181288e+02	-1.692658753591028358e+02	-2.321388404494406927e+02	-3.817616836964782578e+01	-1.244209047269831956e+02	9.871287768268889806e+01
-3.774479303059259792e+02	2.754961426551797103e+02	3.271018322776055243e+01	4.771408988991867091e+02	9.714543206858028270e+02	7.850231772698458599e+01	1.885473612833377786e+02	2.901660849228092047e+02	-3.714503011630061735e+01	1.461084073993142169e+02	-4.967148358954212881e+02	2.546179317030779714e+02
1.872574291409147520e+02	-4.054489383811225593e+02	1.860973901018543870e+02	2.768192389873722163e+02	-2.236423532685952580e+02	-5.687772664411691892e+01	3.807892229406853062e+02	-3.311604140260668601e+02	2.832942997249783446e+01	2.404185023763286608e+02	5.362794436246375085e+00	9.063549108264268739e+01
1.468092368537960510e+02	1.800979578267313741e+02	-4.509869003290111777e+01	-4.732607593441271092e+02	-2.804997216473720414e+02	-2.018593051710639656e+02	-8.645612078897042352e+01	1.105016615335565717e+02	-2.712952644506432875e+02	-5.297596191533630190e+02	1.887449809610641012e+02	-2.034646915548756851e+02
-4.032850302457039504e+01	3.842816057375929972e+02	-2.572548209704964961e+02	-2.679378499669786038e+02	2.639146117379289649e+02	-1.637890983351766749e+01	-3.618159214689243868e+02	2.159060875930772454e+02	-6.187865623006378257e+01	-3.822303670231542014e+02	-2.061136860537778404e+01	-1.055666640031454762e+02
1.696186868518410051e+02	2.126881071906623788e+01	1.667544883023342805e+01	-9.730096202540710237e+01	-1.311314523018817226e+02	-1.089351847038810490e+02	1.470297416486141628e+02	4.254148068748474287e+01	-2.613324311798915005e+02	-4.593210359695599436e+02	-1.839339576994979097e+01	-5.323202109897612644e+01
-3.130530795543911609e+02	1.165467279257103286e+02	6.711639227555114928e+01	3.303624881054710158e+02	4.633169092772285467e+02	1.425208084417188843e+02	1.505841515271469007e+02	1.233384199365408733e+02	3.630870995991576677e+01	3.102390907749568782e+02	-1.466750793646055229e+02	2.248157351462510292e+02
2.564763306310849771e+02	-3.838325555253943548e+02	2.245245312236240807e+02	1.149381842514636531e+01	-4.551274295481902641e+02	-8.237555634462837872e+01	1.149389550385894410e+02	-3.145551264164078020e+02	9.574475358262700908e+00	1.845666736311582667e+02	1.551360579181905166e+02	6.487247599073755566e+01
-2.181161845973351774e+02	-2.773105592103790968e+02	1.763890344675727135e+02	4.764233998192794388e+02	2.891031767635898859e+02	2.334348687931337167e+02	1.849032209307029575e+02	-1.302245814269269601e+02	2.380196437669160900e+02	5.777137819684153328e+02	-1.305993154524234114e+02	3.229612256731915636e+02
-8.843478901628844824e+01	3.423593434972657974e+02	-2.281992838540868149e+02	-2.755583753640584064e+02	1.764717390519809896e+02	-1.794123058376938218e+01	-3.014013964313153338e+02	2.971955884844763887e+02	4.025009897870600639e+01	-3.681748519965598803e+02	2.771749452107084011e+01	-2.070551064619976103e+02
-1.095085684460689492e+02	-2.184929974499103196e+02	2.659566683941534961e+02	5.748240455191532874e+02	3.650243748836446116e+02	9.554337601775583266e+01	5.390654625828561848e+02	-5.548069304517154876e+01	-1.245903299867291878e+02	3.568172362344887460e+02	-3.440369104811838383e+02	3.439446212834749304e+02
-1.423680410059180872e+02	3.968317665128042790e+02	-2.309290687875154049e+02	-1.924246663593538642e+02	3.704026518573269868e+02	-5.791684717304210039e+01	-2.842876122887556676e+02	3.180812451703998818e+02	-5.986123742253410285e+01	-2.652923676410593430e+02	-5.587289961623341839e+01	-5.146988706390919788e+01
1.283546112626460740e+02	-1.338708308892870775e+02	2.035224307001085720e+02	1.629930689324531841e+02	-2.450552178377099324e+02	-1.135260086236316681e+02	3.509924586429721103e+02	-1.945757694201591903e+02	-1.959303681060084443e+02	-5.765616809511976726e+01	-1.021110020617985157e+02	1.062965061643709674e+02
-7.913652555592355498e+01	3.838118236126250054e+02	-2.591896989526990751e+02	-3.289207110289779052e+02	1.529579032122401259e+02	9.490776831388366475e+00	-2.395387419600925227e+02	3.530121386818940437e+02	-3.792085013932607040e+01	-2.760994300867890274e+02	-1.128824608589266631e+01	-1.606856306625067816e+02
-3.295151046994893704e+02	1.751296550148060476e+02	-4.246629592147201038e+00	4.005876105263370732e+02	7.452529046106450323e+02	6.602070704249180721e+01	1.351601544245408490e+02	3.545514311396295852e+02	-1.921568230455463038e+02	2.735605283628981965e+01	-3.222990852799132426e+02	2.593555359870849770e+02
1.181967804772159951e+02	1.063979466623238750e+02	-1.492658951164510199e+02	-1.957174342876980120e+02	-2.178729611708521929e+02	2.768537157253724956e+00	-9.043116621201269822e+01	4.446399773843641867e+01	-3.394819882449965576e+01	-1.774029383830965969e+02	5.839649027130730019e+01	-6.293652686656295714e+01
-2.358957373251524814e+01	4.008217351696312107e+02	-2.814947053679599094e+02	-3.130335678458858979e+02	9.502827578351036664e+01	-4.384936603149609979e+00	-3.139112562433846279e+02	2.479657340648702473e+02	1.437718693612572629e+01	-3.180514673088756581e+02	1.066959333216609025e+02	-2.075021739462262076e+02
-2.487552344652654597e+02	-2.381847787658034008e+02	2.789993811839565865e+02	5.363280047350234554e+02	4.766999415693862261e+02	1.511165668958383890e+02	4.266977838263782701e+02	-2.007943732513125212e+01	1.650246123281346513e+02	5.964473511206965668e+02	-2.407597609538041752e+02	3.484716456489821326e+02
8.900977524694113185e+00	-3.055583058232799658e+02	2.107526809311758598e+02	3.762709834363769801e+02	1.619715721206015075e+02	8.264036078336991409e+01	3.458985017923766918e+02	-1.276256752588973029e+02	4.371688390976765959e+01	3.610375212254103303e+02	-1.943375881069950992e+02	2.308521575599390872e+02
4.615284018955559731e+01	1.852634676176771791e+02	-1.808395157030613376e+01	2.623305045165977134e+01	4.306239477776681923e+01	-9.163660592913987557e+01	4.979273623317043018e+01	1.309979953736819880e+02	-2.172191428001616771e+02	-3.451215782973475825e+02	-2.533706551170355681e+02	4.752714281517069139e+01
1.973253206712768701e+02	-1.231746168162579949e+02	-1.335361876067357798e+02	-3.603537997961450969e+02	-5.003592454507158891e+02	-3.216530571727972188e+01	-1.766685325601351906e+02	-1.144245324332377010e+02	-7.613520223461048175e+00	-2.337524234823729898e+02	2.828535891789944117e+02	-2.008663736619201927e+02
2.726621558924335318e+02	2.856423307882003542e+02	-8.240007291096172537e+01	-4.128135367244611302e+02	-3.672749594145163314e+02	-2.704637284090671869e+02	-1.846007964376898371e+02	8.029714048202880861e+01	-2.956349663267928918e+02	-4.969323008820206269e+02	1.524725644480536175e+02	-2.330396398726928169e+02
-1.302032107919102089e+02	4.824599838217450838e+02	-2.551408581241342688e+02	-1.285140378276430795e+02	2.292123910907591835e+02	-5.427840661986344628e+01	-3.104188716506238279e+02	2.851403011888130550e+02	-3.401018720558268882e+01	-3.111177652004146239e+02	-5.672338259723424159e+01	-8.693351966935175312e+01
6.317479984662953996e+01	3.283263764619551495e+00	2.546989215483195679e+01	1.255940801581829191e+00	8.256988439548724301e+00	-8.452764480381034673e+01	1.968894036645828578e+02	1.635674544353389237e+01	-1.588567092728855243e+02	-3.252205651960822479e+02	-5.815573955437361064e+01	-1.611819124538209635e+01
-2.912682139260381220e+01	-3.719229243019528326e+02	1.815842367289577055e+02	3.737911753068738676e+02	1.877670692207092884e+01	7.498182912086750207e+01	2.994764396443154055e+02	-1.499157065554681765e+02	2.148287803371812288e+01	4.004373668321379682e+02	-1.325394647567811717e+02	2.836163079466430759e+02
2.879600064603842924e+01	3.179906556445462797e+02	-1.777952727850755252e+02	-3.311315748398771461e+02	-8.741170043776847365e+01	-6.309786816788420794e+01	-4.910405960676404220e+02	1.741780598704942804e+02	9.382856563338968670e+00	-3.530960346068989111e+02	1.225805366450209419e+02	-2.863759202750513850e+02
1.461307944503429326e+02	2.785586128676347357e+02	-2.737320307189992832e+02	-6.335210513111902628e+02	-3.195937645779748095e+02	-2.253110361720627850e+02	-3.514814242728193108e+02	1.248403554056254876e+02	-8.420466798866681302e+01	-6.006254151809527002e+02	2.953028013583256666e+02	-3.234164973161418857e+02
1.622875414424965186e+02	-4.499762933562134322e+02	2.024162540378233928e+02	1.337999231708929813e+02	-3.637024013775521780e+02	-6.216052761568343499e+01	2.199773767434253102e+02	-3.936503971224569796e+02	-4.552161643817883885e+01	1.827552994156626198e+02	1.354522033502407226e+02	8.278103637700124295e+01
-4.482014009203528104e+01	-1.982367274994838056e+02	1.799276171345639739e+02	4.466163781163476756e+02	2.349172091068716668e+02	-5.441695046095830435e+01	4.235840686823747774e+02	-3.442588982163601230e+01	-1.454785525559813379e+02	1.143687405708105871e+02	-3.469668254739478925e+02	2.813705765270150891e+02
1.812070149970917043e+02	-2.206929365605346760e+01	2.815946709301492845e+01	-7.966958852919431422e+01	-1.363934184017388986e+02	-1.420740569226271646e+02	1.647025540941044710e+02	1.731036644599315366e+01	-2.914256146832064474e+02	-3.693456071063119452e+02	-6.071846400517107156e+01	4.576312641098752465e+00
1.114855630383281095e+02	-2.661111425902306564e+02	2.469562342885800490e+02	1.991186541100656484e+02	-1.965935031570349167e+02	-4.852877909642734267e+01	2.778277981902899683e+02	-1.860285996691852404e+02	-2.743845653069733430e+02	-4.490445408025428264e+01	-8.613902706669675524e+01	7.701294171279099032e+01
-9.307826693403539764e+01	-8.699947900925693034e+01	-4.721239349041965738e+01	9.558766084480566860e+01	1.299715548755992813e+02	5.913349327112477738e+01	4.687460150123712310e+00	1.981223543007635612e+01	1.162232580969716480e+02	3.450007798417069580e+02	-2.687078733695902599e+01	8.293443225824083243e+01
-2.210751089456909568e+01	2.328112830049943796e+02	-2.660918572400676112e+02	-3.897644556452697771e+02	-8.134686335007670266e+01	-5.042631880795492805e+01	-3.945106942753245676e+02	7.718257407024458416e+01	-3.507787273469475764e+01	-3.268257418386336326e+02	1.529805577325296326e+02	-2.966056821966004122e+02
5.375011198199212004e+01	1.766580816616899767e+02	-2.932171219005378475e+02	-6.210973755587634741e+02	-3.370402894574518768e+02	-1.418175876544329697e+02	-5.197328213447940470e+02	8.136677676563346040e+01	9.112356026191194758e+01	-2.405666894797259374e+02	4.266987317565600506e+02	-2.895743617331903579e+02
-1.745924591156292394e+01	1.916487044558223829e+01	-1.903488781342568643e+02	-2.308011879855638711e+02	-9.510098941963781272e+01	1.455821205401429097e+01	-3.330701525542984882e+02	1.642725408264104203e+01	6.115131887613841855e+00	-5.342897987299343754e+01	1.392101276042360780e+02	-1.404005758119263305e+02
-3.084618880588062666e+02	3.951051563079379889e+02	-1.490740601433782331e+02	-3.068740117665056744e+01	4.942121708222680923e+02	8.938478503984245549e+01	-1.492044677336309064e+02	2.920362451677688114e+02	1.875353833200079379e+01	1.336680362473273220e+01	-1.381133976441627453e+02	3.836690660122361152e+01
2.148638434088749136e+02	-3.804777188064896905e+02	2.225489733150845382e+02	2.262985560867213053e+02	-1.881016200287650690e+02	-8.199488987448523858e+01	4.968057625759306575e+02	-1.489125388798516099e+02	-2.396708494107335241e+02	1.479978346847368016e+02	5.792664816867900868e+01	1.760731000247764086e+02
-1.734349471644210325e+02	-1.504130758858525780e+02	1.487821776346427214e+02	3.953631753682607268e+02	2.659514438749060901e+02	3.369810907305553371e+01	3.114853740893299801e+02	-9.283014570865731230e+01	-4.885110927399956893e+01	3.548891300542778140e+02	-2.575708794401004411e+02	1.850489486543009150e+02
2.052791630376621583e+02	-3.110894285404843629e+01	1.773706962770228657e+01	1.010203757372588740e+02	-1.522823474852227719e+02	-1.474923858084227390e+02	2.098663201154101046e+02	-1.636457036869849162e+02	-3.003365590206909701e+02	-1.792300326777017858e+02	-7.507800593837259839e+01	3.373846648387340252e+01
1.038513009502139681e+02	1.743130622537080967e+02	-1.579568402472718844e+02	-6.739772628379487287e+02	-4.442794406484059095e+02	-1.194731119089828155e+02	-5.532342357209651027e+02	4.626532417074437831e+01	1.093282988042115846e+02	-3.490918688644181884e+02	2.867918901232227427e+02	-2.441031263629958232e+02
2.637587230494457202e+01	-3.124729349745080498e+01	-6.597874186076495562e+01	-2.768027888740838875e+02	-1.809364576881907283e+02	3.670097671564892750e+01	-1.777669761206597627e+02	-1.768607475979020194e+01	1.311347979824720085e+02	-1.707366130072125259e+02	1.117684323698895810e+00	-9.269037554551670155e+01
3.671658719761532552e+01	-1.306167666306568265e+02	2.087089668146469421e+02	4.303918800041533927e+02	1.754831152586347685e+02	5.745060624430038843e+00	4.323544041730929166e+02	1.582224922765205122e+01	-2.219305497112964929e+02	1.274822429396238874e+02	-1.718456445115756139e+02	2.608337025596405852e+02
6.545082871358746957e+01	1.884296975966273919e+02	-3.494876074649033626e+02	-5.029000744725209984e+02	-2.751103535926598056e+02	4.987148742226530374e+01	-4.307611249099141446e+02	2.540188955994075570e+01	2.070757105504549997e+02	-1.907427886708872791e+02	3.030208122328896252e+02	-2.689226977875567854e+02
-2.908904155101213860e+02	3.932683214688280486e+02	-1.291817147623061999e+02	5.819047378690012806e+01	5.307421406946143634e+02	-3.484148126987298610e+01	-1.951165842772398094e+02	2.868694989782296716e+02	4.136370465407095764e+01	3.764399233872595119e-01	-6.422143275452900468e+01	9.501347317698932216e+01
-1.455048675410302224e+02	-3.072497924966164078e+02	1.664246352276562391e+02	4.798496277815650046e+02	3.115045422239026038e+02	2.510351159795338845e+02	2.571849829897886366e+02	-8.883797217860772832e+01	2.019439038466132388e+02	6.392301412856936622e+02	-1.609250227349157285e+02	2.035403470149670966e+02
-8.693033875288924150e+01	-2.340238193952583856e+01	9.053763519698438245e+01	1.767340963338194229e+02	1.791503941566740252e+02	4.589572342584466469e+01	2.257404602343120246e+02	-1.428989763574488165e+02	-4.186994986904219473e+01	1.852088448639315743e+02	-2.158124854084240951e+01	1.140712257763957922e+02
-6.158429288617702468e+01	-1.169042540366402250e+01	2.252007302504313770e+02	3.125150077583087977e+02	1.533899663675044565e+02	1.239589167528369273e+01	4.211461062951598251e+02	3.166390529305997603e+01	-1.264184213675769399e+02	8.821087720662293918e+01	-1.450155025862732998e+02	1.445261556954569073e+02
1.120945282213400560e+02	2.406629127255065441e+02	-2.440369188647233329e+02	-6.132865365307205820e+02	-3.789525591542027882e+02	5.206114618623615797e+01	-5.493244340377990511e+02	1.105564695900168033e+02	8.849506232009488826e+01	-2.486634655440529400e+02	3.317522876929026552e+02	-2.655521042465506980e+02
1.340675166096277735e+02	-2.822183184818445625e+02	1.317468511339412203e+02	2.647165337678363812e+02	-1.911207277706084540e+02	-1.566003721858120343e+02	2.106131936040011396e+02	-1.380277119006919122e+02	-2.259870682563715718e+02	-9.606353109163302406e+01	-1.714425722170064432e+02	-2.405635250791518587e+01
1.322885446547834363e+02	-1.571297487397832811e+02	9.254199296629195715e+01	3.711034626665257719e+01	-1.502011041135667426e+02	-1.463965624192146322e+02	2.217388561364641930e+02	-3.786264354229082585e+00	-2.171202499910723986e+02	-3.137219002489470654e+02	-5.864561619889731503e+01	-1.817939344176671312e+01
1.808856710258356486e+02	-3.865657706950927945e+02	2.153333302932125832e+02	-1.053164405570284998e+02	-4.832839303421687873e+02	-9.064835562050384965e+01	1.613513128092347699e+02	-3.080337082325720530e+02	4.458042231561691437e+00	1.882529631940836907e+02	1.387021087282805070e+02	-2.280162219919242261e+01
1.677316968693377817e+02	1.103887641097868482e+02	-6.411737775461259048e+01	-3.930851492877828832e+02	-3.269886693299558260e+02	-1.311112278700024945e+02	-2.594701730836811180e+02	-1.948508894984354711e+01	-8.807269963374490374e+01	-3.449352686715327536e+02	2.237971933450456277e+02	-2.211871621835958877e+02
2.591143801884376217e+02	-2.764592686979055998e+02	9.624381759509208223e+01	-2.751649814244638605e+02	-5.170783931991180680e+02	-1.453383266282374109e+02	5.630244281332029033e+01	-2.342622481634782048e+02	-9.331797362022467723e+01	-1.838347967379726811e+02	2.350623384357136558e+02	-1.229451352634501546e+02
8.720316215501961210e+01	1.469168690005015492e+02	-1.885735561081993410e+02	-9.919884917024998572e+01	-9.405181060568367002e+01	-1.717432328487600444e+02	-8.468447619900581458e+01	5.042908692965069406e+01	-1.428757539528040468e+02	-1.655156444732010073e+02	5.301108729568234423e+00	-1.106100423054699462e+02
8.929050061160165797e+01	6.289164537968120072e+01	1.341861269329867810e+02	-2.145751538955602200e+01	-9.161069169272764157e+01	-1.713090175183330928e+02	6.869513619284060724e+01	3.067770620182854202e+01	-2.524979191440294528e+02	-2.851372403749229534e+02	1.809977738127435600e+02	-5.215760425866546512e+01
-1.163768249756475086e+02	5.413715422925566827e+02	-2.541195455962395613e+02	-9.244741559937870079e+01	3.413341652865914284e+02	1.388931608272099538e+01	-2.743882109308730151e+02	2.774044509896779118e+02	8.002364665608132199e+00	-1.778339419157775865e+02	-1.256528077349025097e+02	-3.176585678257586309e+00
6.816819088200642796e+01	1.423337341795369753e+02	-1.291822396894165479e+02	-2.206156751634847240e+02	-2.486484417011873234e+02	-9.043129580239713050e+01	-5.685379727853103304e+01	7.420033745987129237e+01	-2.380162316414428290e+02	-3.411057804427624660e+02	7.383667294471240439e+01	-1.556758024051848679e+02
2.458828955007194565e+02	6.268978856673439992e+01	-1.598382374559284642e+02	-4.260575960346337183e+02	-3.458357424112041940e+02	-1.624307532799569174e+02	-2.382979207373817871e+02	-3.094644858425495215e+01	3.040756775092763320e+00	-3.632377837094825281e+02	1.666306014748300299e+02	-2.263500665789854907e+02
4.830117279814569287e+01	1.700108257119037773e+02	-1.570791571257054500e+02	-2.150903471463900871e+02	-1.341202244136354693e+02	-7.219657208526439263e+01	-1.784070228677686600e+02	9.274186494022927718e+00	1.894871452979056698e+02	-1.479399926231284326e+02	9.179496264089297597e+01	-1.367493424800941284e+02
-6.068065068469820744e+01	-2.752388378103901232e+02	2.589885166689559242e+02	3.639924551613000290e+02	1.568281512680146932e+02	1.341152047970431056e+02	3.477969096279391579e+02	-1.669204119757494880e+02	4.010011330578754496e+01	3.388036981758532988e+02	-1.397118048625525262e+02	1.246515957368582121e+02
-4.858763935639028375e+01	3.972051667247475280e+02	-1.720989438667706395e+02	-1.630428483881802890e+02	2.165090585473598424e+02	3.459401932531881130e+01	-3.823369334089497897e+02	3.334926206749919970e+02	-2.028338408564370710e+01	-3.629020173434337835e+02	5.397797162221084477e+01	-8.883021706307684440e+01
-1.929966421964739709e+02	-1.569453152693351399e+02	2.505505256910841183e+02	5.647731845443963721e+02	4.726161571809092834e+02	8.349483179525795151e+01	4.371530000767997990e+02	-2.696482535156322058e+01	1.431914981348081710e+02	6.222929777763041557e+02	-2.617603221557095594e+02	2.570064938378162651e+02
2.178151850090048924e+01	-5.381169617260596283e+01	1.328322492298544830e+02	3.521196398925163749e+02	1.807393644955808156e+02	-6.066163840913121419e+01	2.486834238048870134e+02	4.274254964256368794e+01	-1.193552450312200222e+02	8.167295748741375405e+01	-1.474416349760473963e+02	2.157929531240901611e+02
-3.536331636729726569e+01	3.611225260202877507e+02	-2.146333444449650756e+02	-3.277894686319119728e+02	-1.280631966563120727e+01	-4.294632769816872297e+01	-3.910597661085221262e+02	2.783917150069987088e+02	6.805105973779622275e+01	-3.630170319666545424e+02	6.781382075790359920e+01	-2.176853584210061854e+02
1.411217477774553117e+02	-4.060451178904639278e+02	2.787249752573287651e+02	2.657472444945782399e+02	-2.318194750503306523e+02	-8.040947671053208978e+01	5.067421007973174483e+02	-2.595460508544260279e+02	-1.775895923730363393e+02	2.006628850258762213e+02	-1.123918050573208802e+02	9.324282036325708134e+01
-5.105941908953901986e+01	-2.209718979616547188e+02	2.328412270000405044e+02	6.259901050994785692e+02	3.613695514300485456e+02	8.409175592569064861e+01	5.535558815497283831e+02	-1.302470959477903705e+02	3.950637484175317127e+00	4.089442347605372561e+02	-3.497810360895508666e+02	3.774470915051546740e+02
-8.410448699546135742e+01	-6.476912347191147035e+01	1.381160636757470570e+02	2.145385354762417194e+02	2.232869934422537597e+02	-6.483779614790093149e+01	1.400087378313278919e+02	-1.740070662181501859e+01	-4.524322170929987408e+01	1.140569150894460648e+02	-8.455185272550562559e+01	1.590882968929485912e+02
-3.852842605845709159e+02	2.916226103119083177e+02	-4.881493332506191507e+01	4.496633199385698845e+02	7.471353217524547290e+02	1.156606916491199541e+02	2.377561508030100299e+02	3.681393936369228186e+02	-1.192146576999016077e+02	1.029005754200548637e+02	-3.906775153067176234e+02	1.889001691338220326e+02
-5.890862907382651770e+01	-1.189540504870863344e+02	1.393516314624565098e+02	4.517148964668772919e+02	2.729462833883874850e+02	1.225429300638225669e+02	3.137793752375391136e+02	-2.682677711114892816e+01	-2.263872757894533549e+01	3.578279343782452315e+02	-2.416237768869888782e+02	2.487588079867321937e+02
1.794530388228948823e+02	-8.515501323489367280e+01	4.301882677538096544e+01	-3.516884374546793310e+02	-4.704986950777654329e+02	-1.536562271770148982e+02	-1.531041534922998437e+02	-1.917879805180401434e+02	3.464488885605396717e+01	-2.110900592081376033e+02	2.807249480344053723e+02	-2.134813149470695066e+02
-2.167584841527862238e+01	1.943107879711594137e+02	-1.934755956428520562e+02	-4.181473373063766985e+02	-1.557487566866450095e+02	-1.211036703717748537e+02	-3.341640416101175788e+02	1.419021396934817858e+02	-3.499670189151802902e+01	-3.858486442329660804e+02	1.527188033323396041e+02	-2.428559306920169831e+02
-7.468752649820558531e+01	-1.213983609278663209e+02	-3.030645720169049184e+01	7.297250022842035833e+01	-2.669188126633561353e+01	1.215877458480410098e+02	-1.320482540375016356e+02	-6.834279973831945654e+01	1.988885963851842007e+02	2.644285866499661779e+02	3.959572918754317783e+01	-4.268660099760677440e+01
2.823427587813108062e+02	1.537751799907674979e+02	-1.423750319505730317e+02	-3.520277758612286334e+02	-3.057665398238038961e+02	-2.067936563663143090e+02	-1.423920440916507744e+02	1.545055143416402075e+02	-2.552392389225889247e+02	-5.685817436489717238e+02	1.282563539558800301e+02	-3.207553947058409562e+02
3.535960293692764367e+01	1.481259919454086571e+01	-1.341266645982100272e+02	-1.690576639046661569e+02	-1.528199253583567270e+02	4.307104418596131978e+01	-1.957040338341612369e+02	-3.199145889707027735e+01	4.821086300582194895e+01	-7.047312541898016036e+01	1.487484065330963858e+02	-1.149906397387048571e+02
4.006562332781199132e+01	6.640954410199825020e+01	-1.990512957854913054e+02	-2.408206566231386887e+02	-1.336742376708033362e+02	-3.490335801338373756e+01	-1.495394658193220891e+02	-8.678470038051416680e+01	-4.316054377130826936e+01	-1.124122229706655389e+02	1.294922296458074129e+02	-5.094880487612383035e+01
-1.754232256604605311e+01	1.133172897394536278e+02	-9.693904088482526049e+00	-2.622599913544430592e+02	-1.196102842857987838e+02	1.021149829626354588e+01	-1.982677645292955617e+02	8.339125397016387353e+01	-3.066375133862329960e+00	-1.195936747933524487e+02	1.073350783522840004e+02	-1.307400969148810930e+02
-1.146976895448404434e+02	5.270273902775688839e+02	-2.218787459819317007e+02	-7.259616405352160484e+01	3.474250975634553242e+02	-5.533653675922361970e+01	-2.603605447941739612e+02	3.174617464871821539e+02	-6.948165261236454171e+00	-1.376838246810681881e+02	-1.931628432853901245e+01	7.757266175541358777e+00
1.821495323470538210e+02	5.140542005141434601e+01	-9.593130548606909258e+01	-3.799250626826430448e+02	-3.472144664677698529e+02	-8.788729868819780222e+01	-2.697335786636768376e+02	-1.542314548602460711e+01	2.915242884077831675e+01	-4.037576119476384520e+02	2.523899868115461231e+02	-2.070827891026268617e+02
-1.712200034804896518e+02	2.153805718425767282e+02	1.881203783809299068e+01	1.667251647563596180e+02	4.969301970461881979e+02	-6.092539526622718427e+01	1.585233295062858758e+02	1.733956973402590904e+02	-2.576832026379457830e+02	-7.932868190768687100e+01	-1.707236654921605350e+02	9.667671901360100151e+01
5.517968160757170892e+00	-1.644007787672423433e+02	1.399316689753772209e+02	4.818522482382359726e+02	1.613257059546394885e+02	1.489084570114308015e+01	3.746817976747487364e+02	-1.067699472787733725e+02	5.077102620132431809e+01	3.548239793376896500e+02	-1.810793603040982873e+02	2.509871214913432880e+02
7.609223540084613546e+01	1.615306618297495902e+02	-5.871464122148724840e+01	-2.819566538964942310e+02	-1.816018760944523365e+02	-1.292492278197020710e+02	-4.140403927472661394e+01	2.730010320734193385e+01	-2.343737105284930919e+02	-3.781333007144456815e+02	3.810116107793859896e+00	-1.413902256450169830e+02
-1.640156659920712627e+02	-2.742399118351071365e+02	1.710430885710276812e+02	3.661616580430713270e+02	3.012418744706601501e+02	2.425442866687287733e+02	1.353361684268149361e+02	-1.485393423489032045e+02	1.870378153066205300e+02	6.455142359490769195e+02	-1.521013045388728244e+02	2.865052672897650154e+02
-2.290042846443409701e+02	3.846951342853693063e+02	-2.082541555276258691e+02	4.170140250849595276e+01	4.549202846547686363e+02	7.068260514149966411e+01	-2.171584660742847177e+02	4.014533505095279224e+02	4.227184038629896179e+01	5.369901183253332988e+00	-1.425887996385955603e+02	4.165952663474472928e+01
5.111034808867209733e+01	2.455576706364363204e+01	-2.651855506209482272e+01	-1.607733344426239910e+02	-9.708806859569894243e+01	3.119316075723096304e+01	-2.195494131516450693e+02	-6.253648869852730741e+01	1.254317333230446252e+02	-1.515250941807906315e+01	2.140631359098796906e+02	-1.371089730052047457e+02
-1.632505142338607698e+02	-2.065968796720765397e+02	1.425053671771825634e+02	6.364929899699262705e+02	4.960110590701801243e+02	1.412264869650352921e+02	3.711892677354526313e+02	-6.812118446136986449e+01	1.446923524369019560e+02	5.635465876020505220e+02	-1.737791041976734334e+02	3.530815642937729990e+02
1.114851652510035933e+02	-1.363314254108186141e+01	-1.227044754965459816e+01	1.063822713863353187e+02	2.547700356857918180e+01	-4.190777848863413624e+01	1.517269106567922563e+02	6.857587691883381353e+01	-2.065455492760166010e+02	-2.327377543233795052e+02	-9.581222547986050131e+01	2.939969892540522522e+01
2.022297551537921123e+01	3.726972911524478604e+01	-8.307371882504801874e+01	-2.835839711440238275e+01	-4.960616169787701324e+01	1.699651804111394711e+02	-1.307873731460956606e+02	5.354375619756687854e+00	1.844726012204338872e+02	2.744505852182248304e+02	9.337911302351709253e+01	-1.084904470070286777e+02
7.232289842556880899e+01	1.417273563836121184e+02	-9.374550211945390288e+01	-2.527501015661641759e+02	-8.673248479815694623e+01	6.737483305944650169e+00	-3.011277644206074342e+02	-5.491117015561303560e+01	1.175275685702920896e+02	-9.737145158244845788e+01	8.897840717412282174e+01	-1.769109651762015005e+02
-2.233022798605145454e+02	-1.971822550119171638e+02	1.779098886453594446e+02	6.276032409560921224e+02	4.124345700429067847e+02	1.986035599666511757e+02	3.128245391904042663e+02	-7.179590985180301033e+00	1.324354969826153479e+02	6.206537904656797764e+02	-1.873049454239369425e+02	4.068103382413362965e+02
-1.308019084075018839e+02	-3.571305095365295870e+02	3.223590673975849086e+02	6.098530019587424249e+02	3.613921980499300730e+02	1.032967001806799630e+02	5.176227025297118871e+02	-7.500648770646557750e+01	-4.171794571052237188e+01	4.184595589256476273e+02	-3.234829084529411602e+02	2.890647300653536149e+02
-1.882082746692545072e+02	4.621439855486526938e+01	-6.946375059346259206e+00	3.464677134939813072e+02	4.497811788627958549e+02	1.734797933143180444e+02	1.647382837623760565e+02	2.220876782992117171e+02	1.401769011041220097e+02	2.346114472642831288e+02	-2.301698023717296451e+02	2.138641435211522435e+02
8.992060905977897534e+00	-3.871406077654716569e+02	1.759765922443790487e+02	3.369889785106717000e+02	-4.977843003400265331e+01	8.886148948882836862e+01	3.219584090632505990e+02	-1.934727395138676513e+02	2.853625571558944074e+01	4.039807531204116344e+02	-4.571465283347894371e+01	1.787124890751152009e+02
-7.801134421478417380e+01	-5.456295523325064778e+01	-7.030479378183923700e+01	1.746159715259720713e+02	1.215783681900182245e+02	1.839704695500353466e+02	8.973102014356132372e+01	-4.268661872931638612e+01	1.873362622415986323e+02	2.561903203885979110e+02	5.106059078194211054e+01	-3.252095960388002993e+01
-1.564300628429685389e+02	-3.256528792755050858e+02	1.778527829574171903e+02	5.830380182329818126e+02	4.432880415994684995e+02	1.468812673059368308e+02	4.637078495205586250e+02	-1.184034691562493151e+02	4.042148775347114054e+01	5.399416862593826636e+02	-3.491527028289153236e+02	3.727634403209372067e+02
1.762676328852768393e+02	1.398460539667624971e+02	-8.828130032890771872e+01	-1.647585802039466785e+02	-3.357542150724884777e+01	-1.135057076056199605e+02	-1.215703954448622426e+02	3.687675279563228514e+01	2.848627605744032820e+01	-2.912898020878728857e+02	3.363064491361967612e+01	-8.286611666486743388e+01
-1.731546408153742505e+02	-2.765459108742774674e+01	7.006169541935192058e+01	3.465862909452182521e+02	4.929648814115714117e+02	9.824218860869414982e+01	1.195565340541225794e+02	1.017662000544722503e+02	6.494827920496607021e+01	3.078709584604567340e+02	-2.616669804301711224e+02	2.066042728609977814e+02
-1.239362271798689790e+02	-2.709384539301743757e+02	1.607108552375311774e+02	3.664457368085970188e+02	2.962306069980849657e+02	1.285912000728709756e+02	3.872708261143826576e+02	-8.629358219946523434e+01	-9.164112110569377023e+01	3.360267491697643436e+02	-2.058521545288748769e+02	1.802865502187646314e+02
-1.680207834824014412e+01	5.544002911682522239e+01	-8.675539036361487888e+01	-1.711674952291498926e+02	-1.059123788197758813e+02	8.557219453360680461e+00	-1.525886368696036470e+02	-1.069872800845393002e+01	1.697730342150206297e+02	-5.056392011038042256e-01	1.701506150043996399e+02	-1.442670449546468490e+02
-5.711233827682519859e+01	-1.676174424708216009e+02	1.661709527054323985e+02	5.161140696184347689e+02	4.107199278637930320e+02	-5.130752418331226750e+00	4.941886575568659055e+02	4.796107778997409099e+01	-1.953627600616611062e+02	1.824961024624300023e+02	-2.194827533312897003e+02	3.979704764534532160e+02
2.544859436870785316e+02	1.632854812875274035e+02	-1.794875048471446064e+02	-5.197954524288419407e+02	-4.372020391502433654e+02	-1.480040785024172862e+02	-2.523784124182993764e+02	1.207048624635961573e+02	-2.524551236663758971e+02	-6.025884933170940485e+02	1.090883296379226834e+02	-2.541579495596631375e+02
2.971035827535398255e+01	2.141740555838784417e+02	-8.642145417266496565e+01	3.166077229797093651e+01	4.904417409032443231e+01	-1.095804952475899796e+02	1.205205336577714519e+02	1.547321939703947464e+02	-2.572492911276804648e+02	-2.914502583359470123e+02	-1.545747610725997845e+02	3.243122156755586616e+01
-8.568909793063303937e+01	7.379118394441790940e+01	-4.901298902311593508e+01	-1.639886678495392403e+02	-1.374613668685258716e+01	8.907964620314741921e+01	-1.796511435055082586e+02	1.188520378312581727e+01	2.356568610594162578e+02	1.966929999477434308e+02	1.038549234972255562e+02	-7.061291120364855090e+01
3.533005792839394132e+01	7.520251881134410610e+01	-8.667424020239010929e+00	4.331242210795031866e+01	-1.855668425637929531e+01	-1.170155025342616426e+02	1.374662759834715757e+02	-4.086795234966547241e+01	-2.990778559183017364e+02	-1.929352818549778590e+02	-9.947202635604783438e+01	9.024870353851099480e+01
-1.469125570015061157e+02	-2.006167498838097742e+02	9.839988934682057220e+01	1.917117393071324045e+02	2.245039160922049746e+02	9.391759466972675341e+01	6.863938471753891690e+01	-2.450207180197539003e+01	1.765873921493093803e+02	4.039203242866160508e+02	-1.438016046960854055e+00	1.851656732355784811e+02
-8.231138717008079198e+01	2.342663405941245003e+00	-1.234948661688267180e+02	-1.006461976282303681e+02	-2.261479680605394904e+01	2.099968811095349963e+01	-2.106437994438652765e+02	7.312723270018281596e+00	2.743182169085847022e+02	1.592826714424641636e+02	1.362515326756937668e+02	9.221948677263263505e+00
1.372309621635290284e+02	6.094338401476645117e+01	-3.464296563236084836e+01	-2.324035579920096666e+02	-1.861765226549536578e+02	-8.799471298140589681e+01	-7.833755852038780176e+01	7.866050219084661421e+01	4.401273808737868620e+01	-2.231071179586739106e+02	8.435372362309311711e+01	-8.836555515890570689e+01
-2.135704473552592333e+02	2.346305762820290681e+02	-6.484077624870002410e+01	2.703764317350900228e+02	5.138649673652387264e+02	6.152844248635726387e+01	1.191015933569608336e+02	2.204079454420113393e+02	-3.074124803704686570e+01	1.823493825311284695e+02	-2.029986187728882783e+02	1.835548690882529570e+02
1.636341531058948533e+02	-6.565596390852136892e+02	4.046898885697407877e+02	5.243502433044617419e+02	-3.038574099124521126e+02	8.199751195345869803e+01	6.351588947126906533e+02	-4.808986010612355244e+02	-1.431236768696903994e+02	3.317112655583807168e+02	-1.187618177116853246e+02	2.189822544647400377e+02
1.494335534104276633e+02	-4.168786950521006816e+02	2.658292545464374825e+02	1.909892626462717260e+02	-3.228378537407580779e+02	-2.852944612932756030e+01	3.280274173508283866e+02	-2.936951087780398666e+02	-1.687277260487049801e+01	1.877126886071172862e+02	-3.640164659983227580e+00	9.291613477747800687e+01
-2.476589559321746776e+02	4.382767558937941317e+02	-1.640342133875660124e+02	-1.874163766517535379e+01	5.091290347880191121e+02	1.740870967474314739e+02	-1.618804149936890440e+02	2.396509199052706549e+02	3.346649559432074739e+01	-5.768965073568659818e+01	-1.397141560950792609e+02	1.962517270393449209e+01
1.347997705305294005e+02	1.498524086048478239e+02	-1.039603677454648505e+02	-4.316829563909337253e+02	-4.024147913379227361e+02	-1.393167315474881889e+02	-2.559940896875274063e+02	-3.269534697067354045e+01	-5.791165295891204323e+01	-3.607711961256936775e+02	2.200314124534300220e+02	-1.723248899211449157e+02
-2.132737321360496026e+02	2.348792125628983740e+02	-8.354525559385572819e+01	2.783717351801873860e+02	5.922896038602511908e+02	1.114725540041660850e+02	5.552476930045437342e+01	1.752686184264468352e+02	-3.024898676656041374e+01	7.491316874485984556e+01	-2.417093248733892779e+02	8.902911981942271780e+01
-1.298689115159960927e+01	-5.399859244713872641e+01	8.272322857785744077e+01	-2.228730652240883359e+01	1.701867177525926422e-01	-1.262679582088224493e+02	1.458009714100485326e+02	8.911276789614778693e+01	-2.433218479348858239e+02	-1.948048193167911677e+02	-1.478085171355913019e+02	7.073764628117359621e+00
-1.858305533100173079e+02	-4.300404740977977269e+01	7.274038577422220442e+01	2.533530298891882637e+02	4.009875115248641464e+01	8.982806883874792447e+01	1.922383403229131886e+02	-4.020874587453509719e+01	8.735119376077290099e+01	2.906638328665549693e+02	7.997236746023224896e+01	7.307817896082232778e+01
-2.075673615471824007e+01	1.149148951941961911e+02	-1.039077303032301245e+02	4.857697907459454711e+01	1.986565474808397482e+02	-5.467134549385616538e+01	9.874839782424518830e+01	1.085158896698303863e+02	-3.069199855723688302e+02	-2.708646517576194128e+02	-1.153529663768585181e+02	7.985944411570824286e+01
-6.639748379347116725e+01	4.287990794813770208e+02	-2.705523414390647190e+02	-2.419702816764117301e+02	2.354024255021431884e+02	-4.902845386272511519e+01	-3.280920223815269310e+02	2.135418582119549740e+02	-3.378319281309777011e+01	-3.146975733221337919e+02	5.673894440563333319e+01	-2.946156710076181895e+01
-2.900629261578188220e+02	3.446843894943435203e+02	-1.616884242567456624e+02	1.460684229046847520e+02	5.097288680837821744e+02	1.623335606356302492e+02	-1.089738901202491377e+02	2.729316625345318812e+02	1.527762040578636871e+01	-3.071332523117258262e+01	-1.369951728453292503e+02	1.203890419749446039e+02
-1.032524113664549361e+02	5.020616226543818925e+02	-2.922187330237943002e+02	-2.450253882892781974e+02	1.446924424774640840e+02	-1.025036240728279608e+02	-3.070320526330776261e+02	2.562092997246719506e+02	-7.577609629393781177e+01	-2.098045196043213707e+02	-5.393763891580730530e+01	-1.423372752304255755e+02
-1.182688794979644484e+02	4.626772334437248446e+02	-2.473550811203326134e+02	-1.964166509950268278e+02	2.546720920068145233e+02	-2.357384546033683748e+01	-2.712342727855747171e+02	2.891306713088357583e+02	-4.533368786319063304e+01	-2.916046598186993037e+02	-1.818114066245179927e+01	-9.501838937325254619e+01
-1.333081588203202728e+02	-1.918338124580292288e+02	2.039032945836767681e+02	5.815421505879212418e+02	4.280782230575435392e+02	1.233160847478069542e+02	5.124757052205188756e+02	-9.068803817504166886e+01	-1.848648490993536768e+02	2.755476890801226091e+02	-2.700038886300592935e+02	3.703172844469371512e+02
-8.099899815509422751e+01	-1.269139929825585256e+02	2.158926245196914522e+02	4.104093459641210302e+02	2.539953363140508884e+02	-3.378807346168413517e+01	4.234858956735167794e+02	-9.625944244586032994e+01	-2.006822197871247511e+02	8.969287246139936087e+01	-2.290894720860084419e+02	1.922793628031818685e+02
-2.262413456576033468e+02	-1.681243423794606997e+02	1.284448754242957875e+02	2.002898987793598167e+02	3.402733118366315921e+02	1.273231664927075570e+02	4.096262770219161098e+01	-4.906503338161365235e+01	1.163455160513768760e+02	5.158653109202618907e+02	3.152998016008314153e+01	1.456430348182519481e+02
2.155961831294718252e+02	-2.466369450496977720e+02	6.632099113776824595e+01	1.074519368036101525e+02	-1.349073832971796492e+02	-1.929415228698615863e+02	2.784782936941901994e+02	-3.267636498637290288e+01	-2.132721224771519815e+02	-1.813747736686806320e+02	-3.060849665695234023e+01	2.438641379330383430e+01
1.174921318898223888e+02	-4.552172335338023004e+02	1.869985398118119519e+02	-8.250268300247566344e+01	-5.373410555110378937e+02	-7.318311521491673943e+01	7.297727404005213714e+01	-2.683619520201120849e+02	-1.685601992529689142e+01	-3.949190635480574940e+01	2.623456746116775662e+02	-7.155139536950406409e+01
-2.429427199265702342e+01	6.662028061637140297e+01	-1.811657320699441698e+02	-1.852327114429110111e+02	-3.728211615595083117e+01	1.092300657547630749e+02	-1.507221602636093678e+02	-3.517904111243945664e+01	2.063710113744984938e+02	5.425851151582656939e+01	1.839998700509266030e+02	-4.615908240763461379e+01
1.904202218334473287e+02	-6.802400573371650694e+01	-2.559500979680690591e+01	-2.918404360774292741e+02	-5.244257560805860976e+02	-4.348625263920824580e+01	-1.854433176959700518e+02	-1.394645782788732049e+02	-3.242541413110767223e+01	-1.831036632311465269e+02	2.549668079621545189e+02	-2.508401148765280766e+02
1.205465109482719015e+02	-2.872768913118041922e+01	4.132387183354773441e+01	7.728524673471655149e+01	2.392216946098457697e-01	-1.426316236383551654e+02	5.457120943486724940e+01	4.935814760404133494e+01	-2.348863013227980900e+02	-1.814455962720455773e+02	-2.366944258314085232e+02	7.510435846724099918e+01
-1.220481333530632071e+02	-1.729718894222327492e+02	2.599223332661737231e+02	5.904108383238879014e+02	4.196965931192320909e+02	-3.236351947509686511e+01	5.130668389863251377e+02	2.338456690973568186e+01	-1.463385436647979532e+02	2.731594672653675389e+02	-2.514379936339834671e+02	3.515166238066981350e+02
-6.130689445943496452e+01	-1.501962097195220167e+02	8.647584043268066978e+01	2.118245764650723970e+02	1.510284704722897970e+02	-1.416357270291970671e+01	1.710517882639720142e+02	4.915561267408031654e+01	7.471343673468822999e+01	1.391328530204176843e+02	-7.013528390446700200e+01	2.143882832125425750e+02
5.581896390295693777e+01	1.872478093176593745e+02	-2.757877727161587131e+02	-5.880414515574749430e+02	-2.585618990804063628e+02	-1.879488224414969011e+01	-4.438345708753633971e+02	7.009517159951872145e+01	1.816401415396116477e+02	-3.008983639695169359e+02	4.200148979982650417e+02	-3.973654135596242440e+02
2.635619109851056123e+02	-2.097395659415086016e+02	4.407627788048914397e+01	-3.586947356025671638e+02	-4.503580704264501833e+02	-5.059897084280153479e+01	-1.209553473731563997e+02	-1.799142313560679725e+02	4.556987608421383840e+00	-2.153264054800002896e+02	2.831956549251374895e+02	-1.481132551011303917e+02
1.103186040823810288e+02	4.656872834380187953e+01	-1.527713133706616020e+02	-2.601777174039499982e+02	-6.247418117246170510e+01	2.372589954487382968e+01	-2.449027126619058663e+02	3.399981856523375967e+01	-1.187233628651016915e+01	-1.142930474966068743e+02	8.647937849017274914e+01	-1.723757916646583510e+02
2.231059567090593418e+02	1.529036639641576585e+02	-1.855149159977779050e+02	-3.866156202089992462e+02	-3.251877461665397391e+02	-1.527030368595252128e+02	-3.056525898360966380e+02	6.619717789529875063e+01	-2.427384435358686687e+01	-3.950894668901760838e+02	1.712920383134125473e+02	-1.289236874835185631e+02
9.000249138925951797e+01	-4.439000523266332721e+02	2.111905470219763856e+02	1.830545453113038263e+02	-3.342051130208211021e+02	-7.547525105864579587e+01	3.950769841981668833e+02	-3.020163082269211259e+02	2.848032824924697337e+00	1.961279072633874136e+02	6.683505942938722910e+01	-5.689869191693261996e-01
-1.861465943942106946e+02	2.739598472171054482e+02	2.450712656676553536e+01	2.918501863995393819e+02	6.406333086424236853e+02	-5.885950523136187940e+00	1.056334815382419521e+02	2.202383070679997843e+02	-1.803723653452572933e+02	1.031389128047916870e+01	-3.195263298773018619e+02	1.801128600779471469e+02
1.095580747108803479e+02	6.663050226925648190e+00	-1.801173186706865792e+01	-1.971451011637723809e+02	-1.707894182325196084e+02	-4.937712840926447200e+01	-1.749573241023961714e+02	4.375849247902692696e+01	4.482410614997635889e+01	-1.271219607857154870e+02	7.664538532682564664e+01	-1.183709144349200244e+02
-6.355022030896813590e+01	-1.716255150776013068e+02	2.073104103256422093e+02	4.685412264844904371e+02	2.454360258565603488e+02	6.691537380961291603e+01	3.091711196587801851e+02	-1.253486574492284831e+02	1.280841293394303193e+00	3.350588265294013581e+02	-1.958818002811083261e+02	1.932908671828744502e+02
3.686985630765577753e+02	-3.508459128241437952e+02	1.299519599778210477e+02	-9.401865190046582654e+01	-4.786024916936023601e+02	-2.408595969370134071e+01	1.604257639922976466e+02	-2.430632544818074905e+02	-6.283678747865000247e+00	1.363579885021823088e+02	1.851469537612140357e+02	6.148125117882607071e+00
-2.491756709061728259e+02	-2.186884132560053615e+02	1.176851520843950567e+02	3.028067565444810043e+02	2.407030066783672169e+02	2.417877103301125885e+02	2.389771613106702546e+02	-1.386338358720321366e+02	2.779416106348822382e+02	6.282270729183410367e+02	-1.879735041042658850e+02	2.658366825627280718e+02
8.855296171751871270e+01	-3.398272289520809295e+02	2.751370292629824235e+02	1.219977766925001674e+02	-3.941207658805089409e+02	-2.339398888384901554e+01	2.621478956443233983e+02	-4.276736465596337666e+02	9.613718043036637795e+00	1.283100977791080766e+02	1.038319281322518179e+02	1.058743227821611299e+02
-1.625631416986207398e+02	-9.443451711294716233e+01	8.141305069367888336e+01	3.725942918900298650e+02	4.369984098297286437e+02	3.694086473617726796e+01	2.874880002521551887e+02	3.579698097415796809e+00	5.026838963226735757e+01	3.017056340300152328e+02	-1.660689934645350831e+02	2.863547748636039501e+02
1.573521919348843028e+02	2.124882788050333033e+02	-6.268203944531042282e+01	-1.810775695191512398e+02	-1.649778609973602670e+02	-3.874749842270735911e+01	-1.879157719788162808e+02	4.207658974559858223e+01	-9.830500480851600287e+01	-1.729594398091413723e+02	-5.589099224007224365e+00	-6.058703363190605273e+01
9.580715955917473536e+01	1.344211762347976560e+02	-2.506719496581152384e+01	-1.510382222471712339e+02	-1.477037152514458853e+02	-2.704868671067337615e+01	-1.921217518695615638e+02	-7.190587658126073478e+00	2.649403772188403394e+00	-1.533060662067080102e+02	1.560707461128589273e+02	-1.595390664285380922e+02
1.436597403263334627e+01	-1.122757490497240269e+02	1.117321859260094357e+02	3.249500180697623364e+02	1.407351486600077237e+02	4.048865013699185056e+01	3.277314978464742694e+02	-4.009953559816857904e+01	-2.071904752136920536e+02	1.220292018637926788e+02	-3.306399046052841868e+02	1.088043836476933564e+02
1.396936922935134930e+02	-5.065383074369215137e+02	1.433443584979623324e+02	-3.846502478804880099e+01	-4.383541855996137429e+02	-6.202920011671029954e+01	1.718832979206036953e+02	-3.184802695752598538e+02	-5.823716002365525668e+00	1.214673401178993686e+02	2.429669793874253401e+02	-5.700332050268617223e+01
-2.594360840080992148e+02	2.532605871086948923e+02	-8.435784767958551811e+01	2.110803841956033864e+02	5.385064831989742515e+02	6.984677787058373610e+01	-6.510666868550183040e+01	3.528220112530861456e+02	-4.774686935959082490e+01	3.034102959815501421e+01	-1.661061668761280430e+02	1.938478241871411001e+02
-1.291849808434612044e+02	-7.414049996978242518e+01	1.568226765009552537e+02	2.457327708645809707e+02	1.010225087852917056e+02	7.145145999034144779e+01	1.412384711945226456e+02	-9.920457853763804223e+01	1.287288021275522851e+02	2.547141086374064685e+02	2.914660179857853706e+01	1.333359146782165965e+02
-8.468180269245863201e+01	-9.962304028449476334e+01	1.875437070553047931e+02	5.115061563079622715e+02	3.862577496612722712e+02	5.177360198886910325e+01	5.050572092788547707e+02	2.911678406772217187e+01	-2.345660480940603065e+02	2.602594208350741383e+02	-2.677353171525221569e+02	3.706217035206054220e+02
-1.566528249219987003e+02	-2.948358916120671438e+02	2.693163593634567974e+02	6.279244803067923613e+02	2.879567766250958130e+02	1.177369874235806293e+02	5.063764173714749859e+02	-5.002085433800803571e+01	-6.962366295598673105e+01	4.890322027544594903e+02	-2.785346903621116894e+02	3.252487421985040328e+02
5.988881371069041393e+00	1.146396047984850100e+02	-3.898200158633102319e+01	-3.077265099537193578e+02	-1.384653155347210145e+02	2.078648630881048121e+00	-2.720675404768530257e+02	1.262441215186225207e+02	1.377416634658235921e+02	-1.269743834094529547e+02	1.898224484462352848e+02	-1.281259218825488801e+02
-3.298653803108746274e+01	-1.364806673993778077e+02	1.635858340958631914e+02	5.505944323390351656e+02	4.007414619827255819e+02	4.486377857943867298e+01	4.931275890697495470e+02	-3.621735729748010613e+01	-2.093014898501013477e+02	2.033681875414530964e+02	-3.067778154463208011e+02	2.482291216215274972e+02
2.007188148653889215e+01	1.469489910094465017e+02	-5.869164527273964893e+01	-2.100069702688548432e+02	-1.290495397303625396e+02	1.097280389238762126e+02	-1.974885270126642638e+02	1.024542365264049693e+02	7.539675685277607009e+00	-1.311555423781469756e+02	1.414261449988738661e+02	-1.587119728813001416e+02
2.411203819777588819e+02	-3.951730777150324911e+02	2.091959726740663541e+02	-5.675968627325879368e+01	-5.064847646960725456e+02	-1.029921127758582173e+02	8.165215145722646639e+01	-2.902490652515634224e+02	2.359073481047260401e+01	1.696265669328193724e+02	1.282448842472010142e+02	-7.119593540305987744e+01
-1.925013728056203774e+02	3.675467433618580912e+02	-2.553483622395534951e+02	-2.423595566201928762e+02	3.349239577864191233e+02	-1.422818930265228232e+01	-2.185478944920685080e+02	3.084575737497714840e+02	-2.706140865970874643e+01	-3.103308504793653810e+02	-3.610573831900724429e+01	-4.121470401882749002e+01
1.832246165933484292e+02	-4.434089399609151201e+02	2.552984790308597098e+02	1.247932311183672027e+02	-3.814681530895394417e+02	-6.668744286636658103e+01	3.199764798847539851e+02	-2.511228865780731212e+02	9.329072359414907112e+01	1.634273720085107584e+02	3.682136872772604619e+01	-1.436020713276151639e+01
1.244215590680796595e+02	5.215773145580983083e+01	7.421946372174602402e+00	-1.864978524899527486e+02	-1.298173239512752843e+02	-1.222194933994028787e+02	1.303020625672508004e+02	1.177319029298574264e+02	-3.160065260753280540e+02	-4.912084606868078254e+02	-6.902944594930602307e+00	-2.766348588364134287e+01
2.158330311200735991e+02	-2.153901573070656923e+02	1.264025721253912877e+02	2.629160664268670189e+01	-1.313400751353279929e+02	-1.178669877949700719e+02	3.484942092672554281e+02	-4.921266744497840762e+01	-1.925042276957721583e+02	-1.361806556847268439e+02	-1.685295309224623850e+01	3.830719898786264821e+01
1.233412441611970962e+02	-7.724141539280537927e+00	-8.701420758958140311e+01	-4.492198589352960880e+02	-4.166628425759840297e+02	-9.289656597039086705e+01	-2.108431210631727311e+02	-2.081499197776606280e+01	1.339134844671568203e+01	-3.053263044972735543e+02	2.220906861122645637e+02	-2.193117053589818397e+02
-2.526821005189397624e+02	4.414924625432886387e+02	-1.945343718453912913e+02	4.395369907292140965e+01	4.122837608600397630e+02	1.100826319067146812e+02	-1.830582138602197801e+02	3.122828653515272777e+02	2.413109139441041862e+01	-1.837223071741002656e+01	-1.710513203880600770e+02	-2.552439694868969600e+00
-1.717758509339925013e+02	-2.195060494797751574e+02	2.375526950839529263e+02	5.850148522738261363e+02	3.649162926111350771e+02	-2.425267947926748491e+01	4.917438631429683937e+02	-6.913803691472138269e+01	-1.793519595543565686e+02	4.741288749959062443e+02	-3.722395312583061582e+02	3.364984195236002620e+02
-1.962993837382971378e+02	4.407372279151751400e+02	-1.330728425965152724e+02	-4.414226808061805940e+01	4.637009288695470559e+02	5.632981020991739740e+01	-2.457755607397673714e+02	2.965761079294256319e+02	7.598287838439284769e+01	-9.757122254722415278e+01	-7.206469933918583592e+01	-1.699781927594958120e+01
1.454636235690091155e+02	1.837441393131015559e+02	-1.675437666411861244e+02	-4.596689711470898487e+02	-2.875974239182083920e+02	-1.416979479809168296e+01	-2.385433242772094218e+02	8.106143986934003465e+01	-1.218283411267903915e+02	-4.279769013818018948e+02	1.545973428918414925e+02	-2.010136533959229723e+02
1.830669119164282392e+02	1.246785050684085974e+02	-1.019747923816478448e+02	-4.563782529658076328e+02	-3.452101589170259786e+02	-1.439754231997526688e+02	-2.432863360244730870e+02	-1.131850296911697740e+01	1.899686077746418533e+01	-3.988459325950241237e+02	1.762335127739056304e+02	-1.214190026287623709e+02
-2.074636629510036983e+02	6.650455808996561302e+00	1.582048507603468579e+01	4.329144678846207057e+02	4.011323898893593309e+02	4.626841761905090777e+01	2.060149788712450629e+02	2.422752970765348834e+01	9.211518774903038320e+01	3.318667726112994956e+02	-2.321725381889567359e+02	2.009514768816880803e+02
-6.312026568562846762e+01	-1.278878236180643881e+02	2.522003939916958188e+02	6.689488636271260020e+02	3.748042721483907940e+02	3.742274790815812935e+00	4.877838220496814756e+02	1.022666912198945965e+01	-5.271423050537666199e+01	2.044384582209354733e+02	-2.979506663033517952e+02	3.299036138117020300e+02
1.109505805609287137e+02	-2.820737046713609857e+02	1.803933433732364051e+02	2.369910793983739268e+02	-2.222370221023591341e+02	-2.063173624076791555e+02	3.543948993007876993e+02	-1.881621669182187020e+02	-1.993710585484230648e+02	1.227163244973684186e+01	-6.371498286040249326e+01	6.787104655351262750e+01
6.524037296627712124e+01	2.031694789728670969e+02	-1.653793692171509804e+02	-4.063161245083700805e+02	-1.814668707051056629e+02	-9.697486367927831452e+01	-2.766169422630900385e+02	1.215367793431690586e+02	-7.704521684642833179e+01	-3.672220271604552408e+02	2.212318897481445674e+02	-2.294815808542414572e+02
2.244026600818430666e+02	-6.256811828551122971e+02	4.145366547506532697e+02	4.728541823250930065e+02	-2.413174469292884510e+02	-4.002448840052753809e+01	6.112987992088288820e+02	-3.977607316575862342e+02	-1.185456016807924584e+02	3.486151580215383774e+02	-4.317930030116659879e+01	2.821470975634164233e+02
2.284905320888714186e+02	2.148502607840368626e+02	-2.086718692591061597e+02	-6.812252786515334719e+02	-4.397661812661697809e+02	-1.935461800257780283e+02	-4.846704913978012996e+02	7.133544939596916379e-01	3.710848254808368551e+01	-3.904087944723468695e+02	2.483100447937318620e+02	-4.110526021930586467e+02
-7.163554522430160887e+01	8.040763710443117418e+01	-7.610092038025030092e+01	-1.533255470162872030e+02	1.369106956287183863e+01	3.463411651024509297e+01	-1.954569949745586541e+02	2.222525570447731269e+01	2.128059268342996972e+02	1.623772666309502597e+02	2.223484734168093837e+02	3.193808340046271610e+01
8.120793458146155785e+01	3.278690004611562472e+02	-2.046051632618396638e+02	-4.639047451506101538e+02	-3.454801531236928724e+01	-6.896042215271426912e+00	-2.625552716356733072e+02	2.560252804740655961e+02	8.458416623804960466e+01	-2.602076287782247164e+02	8.737372021790221766e+01	-2.206736378494092605e+02
-1.851793687671290627e+02	-1.550697904199853951e+02	8.690118365193086447e+01	3.401877608859816178e+02	2.560633640204467270e+02	1.680623369048216489e+02	1.691082457803295824e+01	-1.079732984031291494e+02	2.848075820755402106e+02	4.478457909387688574e+02	-1.359057751805400471e+02	2.302423775212369321e+02
4.744689233646113280e+01	9.296716155137207238e+01	3.941901082509187404e+01	8.289931057777558010e+01	1.427463668513848916e+02	-9.387926173685039544e+01	1.871333386790194311e+02	-6.525965894001313217e+00	-2.589980321982459373e+02	-1.127474322171092211e+02	-8.848163740961763324e+01	9.924026188388833702e+01
-1.277220750739259501e+02	-1.249689153268562336e+02	1.874934207966585120e+01	2.455253250722655309e+02	2.970917656643806595e+02	2.208813167004658453e+02	9.971362957510697811e+01	-1.874836402700785953e+01	2.167566160748124275e+02	4.613118197872275914e+02	-4.933999694458140084e+01	1.622458615780076343e+02
3.008172715945526221e+01	3.086174280795342497e+02	-2.838009523019428002e+02	-3.979102019462358726e+02	-8.828674988899808795e+01	-4.701143760321456000e+01	-4.350948500134981032e+02	7.640282883098961975e+01	-2.880322827631520965e+01	-3.036270229481240790e+02	2.897169017760280951e+01	-1.310416542640932960e+02
-7.824170023195098622e+01	-2.416314765958314865e+02	3.050949936741303077e+02	6.276757855175827672e+02	3.614804101089233086e+02	1.623452079232034180e+02	5.060418000562447105e+02	-7.060584161984549212e+01	-4.039494285824507358e+01	4.618307599297488650e+02	-3.066389785288611733e+02	3.702557741304216279e+02
-1.455996546119240236e+02	3.597139885483943544e+02	-2.086728724848759668e+02	-2.206441959288948169e+02	2.209396303935808135e+02	-4.987136038226873325e+01	-3.366620051205871391e+02	3.596687500755240308e+02	-7.374595956644593286e+01	-3.534560793218187200e+02	2.096096495996873443e+01	-4.455233950531684428e+01
-4.220157226193087752e+01	8.304836271631948819e+00	7.552357312649178311e+01	2.496514860373550277e+02	-9.748179681878937686e+00	-2.701290928209446918e+01	2.323586619983742310e+02	1.062088540075947947e+02	-2.260913659360191730e+02	1.320950769860351670e+01	-1.363743453703912394e+02	3.010270238030793166e+01
-4.943318703954058435e+01	-4.155603248684365667e+02	3.100663834111541632e+02	3.591167324431886527e+02	-1.339362621956737485e+02	7.545685758782857988e+01	3.405412076189692243e+02	-1.671810412418278702e+02	3.824032249019222718e+01	2.720822155420332820e+02	7.271240466146844028e+01	2.015913167283053724e+02
-2.869635848490254375e+02	3.505767070276175446e+02	-2.099757890270376492e+02	-1.920733264185075484e+01	4.897095972547899692e+02	1.503361148714655116e+01	-1.192633017180564536e+02	3.129500964662259435e+02	1.199913206887400179e+02	-2.968645922530962622e+01	-1.650834239851062932e+02	4.165798409772809663e+01
2.598103002386768594e+02	-3.040364480240254466e+02	2.197659635963269693e+02	-8.084987596972709412e+01	-5.236667938571617924e+02	1.026642770130550275e+00	1.383434037531598051e+02	-2.494603719074738990e+02	-3.113628122121335196e+01	1.368043199181083764e+02	2.082571121476998997e+02	-8.460456945314626864e+01
1.967557155626914778e+02	-4.568981847733567747e+02	2.437421095119315737e+02	3.541694294102025538e+02	-1.803181269094440609e+02	-1.260450085747660012e+02	4.539298118724508413e+02	-3.269312570541300715e+02	-1.855527125404806839e+02	1.776232434643914644e+02	-9.939940370267022729e+01	1.196487856844580477e+02
-1.101931167483666059e+02	-1.187874757063864024e+02	9.887893385949050185e+01	2.937955668700163869e+02	8.099013817360923895e+01	1.711290155197980312e+02	3.590431487175469272e+01	-5.047475301215314403e+01	1.159864588534157974e+02	3.250182294098107150e+02	-2.493334685208404267e+01	8.277083375902573437e+01
-2.860948656257195921e+02	3.464873635534944469e+02	-1.274862314716989289e+02	1.060490269677542159e+02	5.243134519369491500e+02	1.297491648570351401e+02	-5.892084162248436741e+01	2.999107416463053255e+02	1.466011676812304820e+01	-6.382811282226818150e+00	-1.802008566709340016e+02	7.832432773393544778e+01
2.285689750588265099e+02	-4.068671665111658626e+02	3.016520774303820076e+02	1.716798664655523226e+02	-4.645234075987657434e+02	-3.870650036042575692e+01	2.228809742121854356e+02	-2.336898398551634273e+02	2.925462014140946820e+01	2.143924555523515210e+02	4.952100292779263668e+01	-3.526938916218222175e+01
-1.188371439207653140e+02	-1.171314692155225003e+02	1.053154689687559653e+01	3.863923728404897702e+02	2.132279655371860372e+02	1.247381736005296489e+02	1.174697319234917359e+01	6.186618480981920243e+00	1.997037493497805372e+02	4.483938668595622516e+02	-7.486882896959122036e+01	9.171123191952412412e+01
1.822565343355060463e+02	-5.649790817547361712e+02	4.335982263847000127e+02	4.432312412103364068e+02	-2.051286548083487844e+02	-1.092945693241232448e+02	5.217035847734816798e+02	-2.747662596545261522e+02	-1.438284662189618075e+02	2.302147950715043407e+02	2.419389663339990904e+01	1.312593951819913229e+02
1.904258271427881652e+02	-4.503173701548134886e+02	3.136859700280029415e+02	2.703261927029818708e+02	-1.805153089498487873e+02	8.538781311163340604e+00	3.561435614915000087e+02	-1.839538831085683910e+02	-1.919580853422032192e+02	1.505346321600734427e+01	-3.773332040659015263e+01	1.020945129014154418e+02
-4.601942788759228620e+01	-3.448452418986404382e+02	2.091564346029798855e+02	4.115895713064649044e+02	2.229758147906519383e+00	7.490330264521170989e+01	2.423889362400290111e+02	-3.161002502887311607e+02	5.405276187271442723e+01	3.858285743479210623e+02	-8.304533626533337554e+01	1.983556263958869295e+02
-2.644281461385419902e+02	3.182867538483679368e+02	-4.699637367881337013e+00	3.816908247029256245e+02	6.691881510592966151e+02	7.232429719906096466e+01	1.892352347308134313e+02	2.952905424377943859e+02	-1.325397923278191570e+02	3.248777389055680942e+01	-2.818533371943039469e+02	2.275032652097572736e+02
5.602809404381071090e+01	1.387017038094494836e+01	1.791043592536801299e+01	-2.454843741090556080e+02	-9.151998747952417546e+01	4.570643984970486429e+01	-2.377325781622380134e+02	-1.725126503678404788e+01	1.544328547874887363e+02	-3.865572460172502645e+01	8.669023398320325668e+01	-1.662514716811749054e+02
3.954870925243906754e+01	4.596629019403578553e+01	-1.751470003898486425e+02	-2.769725698582841460e+02	-1.945953163081831576e+02	1.966303636450859926e+00	-3.343041530047306651e+02	1.238827246971832352e+01	1.890783202002540406e+02	-9.533612909326086537e+01	2.691430466957339149e+02	-2.104290310717044861e+02
-2.566144706505015165e+02	3.215507788255637820e+02	-3.969271646556677524e+01	1.438744717127302408e+02	5.608011271487230260e+02	6.313707390331667568e+01	-1.195240612186060503e+01	3.557798728536554336e+02	-2.776915777100051841e+01	2.903965191402235746e+01	-2.179761986700075056e+02	6.120722678514420068e+01
1.265724231797824331e+02	1.473554579305819914e+02	-1.075622423992607821e+02	-2.426201337518017738e+02	-1.462496423914579964e+02	-1.785490405609047002e+02	-1.578122304833136695e+02	1.183160782676157083e+02	-2.738212401559896421e+02	-4.557375114311441280e+02	7.807439667523630078e+01	-1.111169666519787995e+02
-2.233649601340185882e+02	2.875090807907674844e+02	-2.935999379812862387e+01	3.173966614370199295e+02	5.463532768365691936e+02	8.131918347280816306e+00	1.592913440483829675e+02	2.145036814814075967e+02	-1.644005463763669468e+02	-4.268502030669833402e+01	-2.959938447537414277e+02	1.577340712074189071e+02
3.315471075073717344e+01	1.832245755831084466e+02	-1.475013147043146375e+02	-2.563837217756689597e+02	-1.017640141445950661e+02	4.154352417001043563e+01	-1.287687547456467030e+02	-1.595132421678312085e+01	4.870368938692222116e+01	-1.256279748313345408e+02	1.308917244054893558e+02	-1.814939661283719943e+02
-3.210517858378123037e+02	2.935350696311064098e+02	-7.579397689737191968e+00	1.169729376694750442e+02	5.759957807360893867e+02	1.058570456852336861e+01	3.872804458489429891e+01	2.518031200137972974e+02	-3.803150272145053634e+00	4.899768378013005332e+01	-2.310335750114295195e+02	2.222196305280575359e+02
2.660268498212799670e+01	6.736694189714458503e+01	1.417405721781400700e+02	1.017772641820747879e+02	8.106287822569193224e+01	-8.546762718830126460e+01	1.878820743677169389e+02	4.702929392764168171e+01	-1.923455870895116959e+02	-7.731659249906951459e+01	-1.596713255549960877e+02	2.427000888325067365e+02
3.027294257717468895e+02	-3.514010682457015946e+02	2.376111486475056722e+02	-8.201571433260018296e+01	-4.604546111827733057e+02	-4.079987388909553658e+01	1.616767762627214609e+02	-3.356886333895951111e+02	1.037131765049767722e+02	9.166813746887714842e+01	1.103043521926786497e+02	-2.277630576259420891e+01
7.941432500724562260e+01	-3.780527711133246953e+02	2.832294800237003756e+02	3.463186454446301923e+02	-1.646247725835384301e+02	5.073217354139319468e+01	3.193469355021610454e+02	-2.211100384983853075e+02	2.138319076320626522e+01	3.734300540172455953e+02	-1.176516430438671676e+02	1.363692573310948717e+02
-1.698935899960801805e+02	4.773805835022880615e+02	-2.311394774759038455e+02	-7.200199529406719989e+01	3.489771041691652727e+02	3.258917042799237862e+01	-3.074232090351185889e+02	2.455474040070139949e+02	-1.726837886252837961e+01	-2.650876721263017544e+02	-7.529131249152527516e+01	-1.024146030444889988e+02
7.399112673318448685e+01	-3.445798495173894480e+02	2.772077304154264539e+02	2.432029810674603709e+02	-1.176405880894085527e+02	2.276714721185125967e+01	3.585185829284885699e+02	-3.778242133651670542e+02	-1.075738909339314233e+02	3.208490476855894826e+02	9.440528874166523110e+01	1.195109533350063487e+02
1.155808706701708388e+01	7.612943344658015121e+01	-1.533380576256865311e+02	-3.260250875479976003e+02	-1.671520736432778165e+02	3.445874114967610069e+01	-2.825350479959338372e+02	1.258442533840143085e+02	1.330769492811979546e+02	-1.021846105777986082e+02	1.261717407395395867e+02	-7.606837139495520717e+01
1.880251644969123959e+02	-4.169358658599219893e+02	2.199308947560244576e+02	2.287449927538184511e+02	-3.205955203485396510e+02	3.082621270645905298e+00	3.566550816533475654e+02	-2.748567254069609476e+02	-9.995734000287995968e+00	1.849884697659965695e+02	9.411936034365275816e+01	5.382598061817443380e+01
-3.438861796235698876e+02	3.113036769102265566e+02	1.217369785917736635e+01	4.497081316594210421e+02	8.353777521844662033e+02	7.151875998029848347e+01	1.548963821238957621e+02	3.579962136094314360e+02	-7.945724787319375082e+01	1.483393110797919405e+02	-4.252739187217692347e+02	3.325637195484520703e+02
1.898413062370397597e+02	7.616157854304276498e+01	-3.327851812515341834e+01	-7.135164866369416359e+01	-9.239415667745491589e+01	-1.901695000683098726e+02	1.821359303448940068e+02	-6.523511505348864148e+00	-1.393531289101919981e+02	-2.509261311548429489e+02	-3.964732940668923789e+01	-6.475032395213870018e+01
-8.176783893748655885e+01	-1.457126835292252736e+02	1.260019741854102904e+01	2.611769374139304887e+02	7.798417746176771459e+01	1.125445185231669711e+02	1.188801341087253718e+02	-2.910406602934268960e+01	1.794898176995292260e+02	4.049863376823107615e+02	-1.174853514476712064e+02	1.591521380025360486e+02
-2.713502207708978062e+02	2.154508378166193268e+02	-5.959653998704610700e+01	2.352352437180701372e+02	5.641355905104837802e+02	3.446998496268150802e+01	2.302994717077738329e+01	2.814166491026037988e+02	-3.525322994746440486e+01	9.171538002667364253e+01	-2.064773642769057744e+02	1.485950643157796662e+02
1.783308213583511304e+02	1.642651533312908541e+01	-3.984644020584732260e+01	-3.971242450069964889e+02	-3.899093048602038607e+02	-8.691779609683879926e+01	-2.644706413223013897e+02	-1.325841178923421921e+02	-2.934678515774663765e+01	-3.426655225151451987e+02	1.108555823416533741e+02	-2.692882486776102837e+02
-1.097525655083855156e+01	2.814520612716929548e+01	-9.674869075382342487e+01	-1.320607762419899132e+02	8.059104873881135944e+00	8.200950440248925588e+01	-2.867168743042342385e+02	4.684051619101927599e+01	8.521221282221193860e+01	1.508259914528105128e+02	2.103785014709922336e+02	-4.652946242238161290e+01
3.130400382461634194e+02	-2.307302400089264438e+02	8.379745652489994256e+01	-5.339993698070242090e+01	-5.717736912737257171e+02	-1.196011674390407222e+02	1.094017053939778350e+01	-2.759600044586863987e+02	-1.221135167337727694e+02	-1.134014388733332197e+02	2.260639392234927527e+02	-2.631609390438119362e+02
1.991868493699822693e+02	-3.359988357618824466e+02	1.411942064532366032e+02	-7.367190118916209940e+01	-5.814197982336970654e+02	-2.457387764271871333e+01	9.748008893009942710e+01	-3.387031481647188116e+02	-5.136582285121213687e+01	5.147783987683393292e+00	1.623547109265679182e+02	-1.400718620525952360e+02
5.364919354658196937e+01	1.995680567248274997e+02	-1.276008169428656913e+00	2.121084778503862367e+01	-1.714247109553046045e+00	-1.430769819479689886e+02	5.716454932187934901e+01	1.533244577434435882e+02	-3.581519461045286903e+02	-2.915961495967392239e+02	-1.468171627085561681e+02	-1.510643517873435826e+02
-1.644096103059177949e+02	2.655006794093130793e+02	-7.281606945806287001e+01	2.385730432413522522e+02	5.481629354589676950e+02	6.921566412395974055e+01	9.698082639875813982e+01	2.007958052113225449e+02	-2.719665042110580799e+01	1.325263739893666184e+02	-2.267026046120407443e+02	1.708095323478369494e+02
2.960530799038540550e+01	1.517386205430924804e+02	-1.786805635747265626e+02	-1.813521920211788370e+02	-1.473419664535798574e+02	-6.074091959253761530e+01	-1.272329916799590137e+02	9.576268789889471833e+00	-4.990204256404263816e+01	-1.653185245011011375e+02	1.002654449599346265e+02	-5.876479460559833257e+01
1.155700620527714761e+02	1.862830677854027499e+02	-4.070666050244415146e+01	-4.542949233430980485e+02	-2.696751839108147237e+02	-8.082960923345646620e+01	-8.008230074696331258e+01	1.290718679127342341e+02	-2.654133170616665893e+02	-6.328489025643627883e+02	6.036857168632118942e+01	-1.708502541581314347e+02
1.925650006682003266e+02	-4.003895442386652235e+02	1.852022905868458338e+02	3.024849382712708348e+02	-2.573249867762126541e+02	-6.746380887575600127e+01	2.638062928348707601e+02	-3.412611577029452405e+02	-1.211127368911233333e+02	2.515640534094637246e+02	6.836657282133973013e+01	8.287543944338644053e+01
1.894651289298740693e+01	2.473752846868833331e+02	-2.294193161376008163e+02	-4.279398220460723223e+02	-1.310620977662135260e+02	1.532782358765676634e+01	-3.645386602358850610e+02	1.124048955161056540e+02	-7.057573927703714389e+01	-3.503365665836416269e+02	9.428746862303604814e+01	-1.589196849388678174e+02
-1.071339180161821929e+02	2.004124050202503682e+01	-7.696408633108691788e+01	-1.607920598986329423e+02	-1.963426303269635582e+02	9.035178507034825657e+01	-2.541411209952931642e+02	-2.321949218247948821e+01	6.003791785322906094e+01	-2.777631973406678867e+01	2.087346751202493920e+02	-6.440689617526756194e+01
1.706625116593851601e+02	-3.416479871008618829e+02	1.661386741523307364e+02	-3.148510385527795208e+01	-5.112285599233151174e+02	-1.694121375249258676e+01	1.373464622243517965e+02	-3.886332830848395474e+02	2.167141288591312787e+01	1.129163329780104590e+02	1.509645534346149134e+02	-1.485636555509329355e+02
-2.924555221797735385e+02	2.497195457831341514e+02	-3.870083116332018847e+00	3.130803312868239345e+02	5.133451680945512408e+02	2.961319312632764422e+01	8.351415561074593086e+01	1.605328547872232718e+02	4.999377073216885492e+01	1.667831609209616488e+02	-2.312049788411372333e+02	1.911833247539250067e+02
6.892451608745001579e+01	4.272585321483568066e+01	-1.426915937558319136e+01	-5.258306088003416789e+01	-8.686491490114212866e+01	-5.207504220124334182e+01	9.845507011718183321e+01	-8.815952970065293925e+01	-1.837294922981787408e+02	-3.521660456924169011e+02	-2.069472649020723054e+01	-1.043875545996573635e+02
-6.788949759005109286e+01	-1.757179072789802206e+02	1.533137212869571897e+02	4.821858844781729090e+02	2.315545791525416917e+02	5.736552522707742696e+01	3.077779530920512343e+02	-6.947587476967633791e+01	-1.580846680483082878e+01	3.226632153688162248e+02	-1.444940153326711538e+02	2.397942556895189625e+02
-2.467823269279776639e+02	-2.593020269257003179e+02	1.875793501522402380e+02	4.790340355762756417e+02	2.681409565811621860e+02	1.002164532087968496e+02	2.129614879661608029e+02	-1.546951441393678408e+02	2.939129483103615712e+02	6.712614124616598019e+02	-1.165578076446765294e+02	1.624201268398809930e+02
1.281239213940834816e+02	2.047318833011790957e+02	-1.965377988833694474e+02	-3.375282100872070714e+02	-2.263310124075672718e+02	-1.505252972387959005e+02	-4.604052355116883177e+01	1.246901429645745907e+02	-2.917694315444338713e+02	-4.445135395060439123e+02	-2.670031460289983727e+01	-1.997234581615066418e+02
-1.671410677031262821e+02	-2.114925183522679504e+02	2.227150464948343824e+02	4.264753051681609008e+02	2.036716291506419907e+02	1.144954628536839891e+02	3.157151554256303143e+02	-9.608719992842536328e+01	-1.662460755988189121e+01	2.731338248585169595e+02	-1.748430058754125014e+02	2.663454932100888186e+02
-1.636467632555936689e+02	3.384448107794937641e+02	-1.581013566463833513e+02	-3.063635192811035495e+02	9.050542905043550945e+01	5.327340066439349187e+01	-4.664087977742472617e+02	2.194647030448760177e+02	-1.864735933066821971e+01	-3.847282031783674938e+02	6.077139917871043906e+01	-8.256839235727508708e+01
-5.693269416038559427e+01	1.025318248372983021e+00	-4.478274271295004638e+01	-1.769267757664110832e+02	7.231104752938051661e+01	9.423128585146999114e+01	-2.654216846210871381e+02	-3.788730370021555416e+01	1.959559967361290660e+02	1.020241452725352644e+02	7.900404311974178029e+01	-1.133308396112811351e+02
2.844801368279876215e+02	-4.212176506139078924e+02	1.593182671436896669e+02	-3.459373855946851961e+01	-4.199426225260373258e+02	-1.529944353348927280e+02	9.015507470458327077e+01	-2.967276454253365614e+02	-1.981330490432075209e+01	1.777605848304247615e+02	2.154476348963333123e+02	-1.332613182042382505e+02
-1.320243349546339005e+02	-2.196483318793339663e+02	1.443512944385401795e+02	5.929251611127534716e+02	4.131054438502868038e+02	1.556983413457596725e+02	3.184658106205303625e+02	-4.967260185992684285e+01	2.000396927343442712e+02	6.475011377428744481e+02	-2.139821310688954270e+02	2.952714135697724487e+02
-4.625535219542901189e+01	-2.674349875077034540e+02	2.848899134120676990e+02	2.868601368866119401e+02	1.039355110776351978e+02	1.070282984671183328e+02	4.027615519143123493e+02	-1.556298350816423977e+02	5.884546660641484550e+01	4.014355665133628577e+02	-1.407541245580113980e+02	1.297847388901051886e+02
1.487720866338705719e+02	-1.925600359704144182e+02	1.554409265633512973e+02	1.155041082293461585e+02	-1.842625120922976976e+02	-8.434972993932261431e+01	2.650438960210993855e+02	-1.480965032704807527e+02	-2.903836140350293817e+02	-1.559519695071302863e+02	-6.322766170590091406e+01	-2.494418259970797180e+01
3.201423233062648421e+01	1.485808851362324674e+02	-6.684456206580792070e+01	-2.139936870428077498e+02	-1.846415434107408089e+02	3.154759815065965256e+01	-2.641655952844923831e+02	9.247751499151935661e+01	1.566414116817523450e+02	-1.329434225654996737e+02	1.366562636319378043e+02	-1.696264290589431596e+02
2.888534225203825656e+01	-9.050696728040445294e+01	1.923493427782738650e+02	1.910782448675140301e+02	8.180552255216254309e+01	-3.714824618739668693e+01	2.360569285168317606e+02	5.647204119832755254e+01	-1.448391032708078967e+02	5.012860623570875873e+01	-1.536003486967101139e+02	5.734785392204216947e+01
1.482596022551172155e+01	1.552927778173589957e+02	-8.244582169094934443e+01	-2.253954230858423102e+02	-6.562495009974425386e+01	-9.533546706926264847e+01	-5.872487281344739074e+01	2.752311609008739168e+01	-1.358720704106258665e+02	-2.661221542013227008e+02	6.585593278113819338e+01	-9.415210127350772495e+01
-1.392612440101451625e+02	4.701183115774647376e+02	-2.562939813730742458e+02	-1.602064490154423311e+02	3.354979361393397426e+02	-1.861697194325232729e+01	-2.260366880988254934e+02	3.300836277784718504e+02	-7.869397380090030936e+01	-1.205085889791269551e+02	-8.223699280732516570e+01	-4.603715193829310692e+01
-6.619870550182054103e+01	-1.419743024768238513e+02	2.839218695198988485e+02	6.604111617328313741e+02	4.272214083299945742e+02	6.345141627338776402e+00	5.329404556664609345e+02	-4.055797165274624660e+01	-8.266613963451348468e+01	3.247128881106845029e+02	-2.573397229655938645e+02	2.771172580473024709e+02
-1.371882577875234119e+02	9.025844709339166627e+01	9.843108801073890390e+01	2.592214473916728252e+02	5.353740929995030911e+02	1.665232042012861484e+02	1.593548908429375217e+02	5.805804396465090633e+01	9.937141850484638894e+01	3.011089622445553005e+02	-1.953334117182182013e+02	2.405304011699470834e+02
1.615362487205819093e+02	3.668167049673110114e+01	-1.101534803842766621e+02	-2.084352132717813788e+02	-1.741791773968647590e+02	-1.568245422060697933e+02	-7.242647003099273206e+01	3.003792543297639028e+01	-8.113081538739554333e+01	-2.840225231543266773e+02	5.890917343204846190e+01	-8.146019901867809665e+01
-2.478423553119367284e+01	-2.217388130336065046e+02	2.471862319401232639e+02	3.151900378339897202e+02	2.528762940836087694e+02	-1.028285670731203965e+02	3.046458919877086942e+02	-7.206269639738579258e+01	-1.937562973175544982e+02	3.813339036766078038e+01	-2.251002602720248547e+02	2.665315964538694402e+02
-1.670875154415998338e+02	2.522294766140676359e+02	-1.497496934033469529e+01	1.864998299055233701e+02	3.702054494190995797e+02	-9.945726992746207884e+01	1.262193875028098375e+02	4.437300526086540486e+01	-2.191923005388790955e+02	-2.080036662381614292e+02	-1.349791079547898676e+02	1.071217104033321448e+02
1.266699859207277825e+02	-1.286006901324406613e+02	7.021373341499162279e+01	8.036523233436355440e+01	-1.904495187599557937e+02	-2.493723398111945357e+02	2.217195222626596376e+02	-7.157170409127802202e+01	-2.553404834444103528e+02	-1.734076114140302707e+02	-7.527256720797133482e+01	4.519432099322935414e+01
-1.631780303853147984e+01	1.613616383753222578e+02	-2.761586787025210299e+01	-8.492445944277602621e+01	-5.981409086588016066e+01	-1.481038581766814275e+02	9.243665241654881015e+01	1.364863298902638178e+02	-3.516489900090166998e+02	-3.937540369732511749e+02	-9.115756965631746311e+00	-1.053722083280686661e+01
2.552761968711802467e+02	-3.001970546184556383e+02	1.521224619036679826e+02	-9.229514795894641566e+01	-5.358779870442834863e+02	-4.261273912117730589e+01	6.688065817867700957e+01	-3.375634760657977154e+02	-5.821039770671605140e+01	6.395882696411538859e+01	1.728836651687798280e+02	-8.118217484326814315e+01
-2.995209793099016906e+02	2.032400420083088193e+02	-5.409256545832733565e+01	2.700341855026832150e+02	5.218456114241353134e+02	4.074861886078622319e+01	1.833549348592591457e+02	3.003835639148131804e+02	-2.141389889996698628e+02	6.987532153554582237e+00	-2.890068064894661006e+02	1.875431753090927032e+02
1.179198573970030850e+01	1.263287436836567110e+02	-2.796311968574435980e+01	-2.571359063796107876e+02	-1.152607747667190949e+02	-1.523930036967067849e+02	-1.159974958269394847e+02	5.716208884611106100e+00	1.538219774047276189e+01	-1.567506739443159063e+02	6.332112140717363502e+01	-1.275954341884544192e+02
9.430590315254846701e+01	2.244617547465938969e+02	-1.965725978456638643e+02	-6.130853919408990578e+02	-2.235064765394129154e+02	2.129066981148022819e+01	-4.975134871879123466e+02	3.960859745055186920e+01	2.162621244683464283e+02	-2.338217810487245174e+02	2.641889203582952632e+02	-2.688925351779649304e+02
9.267441832128915280e+01	1.554917472486708618e+02	-9.812516231671463629e+01	-2.512942152405523188e+02	-1.824096632810989433e+02	-1.061295003552650371e+02	-5.515521960883683050e+01	1.474135619743249670e+01	-2.362918178348728588e+02	-3.966721265653729915e+02	3.750973788265966391e+01	-1.251447384972286585e+02
1.931374450509088661e+02	3.405802698108976756e+02	-1.798236586210290398e+02	-4.386885429938756147e+02	-4.363998191306980061e+02	-2.295082354181489563e+02	-2.448588479350613056e+02	-5.369316409462787476e+01	-2.724936845014924529e+02	-6.015498970470292761e+02	2.089324307773310352e+02	-2.435172170602498625e+02
3.697941466555857204e+00	1.548460435856107154e+00	-4.861395049927072876e+01	-1.965563490475376796e+01	-2.365112842868390430e+01	1.169182064113473558e+02	-1.257599948348006507e+02	-8.262014724565987933e+01	1.699042598634894716e+02	3.472810821735702120e+02	8.854127989256413400e+01	-5.390771289740249017e+01
-1.852304516433452477e+02	-3.062020383630276115e+02	2.187161240013380734e+02	7.411816690029985466e+02	3.796516093234700975e+02	1.237796219059696057e+02	4.295974502835559292e+02	-2.079912012746997618e+01	8.168380378395997354e+01	4.946518045887215749e+02	-2.671337990381491636e+02	2.890248997374961277e+02
-1.162968483834944493e+02	-2.499424395528610887e+02	2.016846099363968392e+02	3.502746597010809069e+02	1.298048973885280759e+02	1.029139125555736314e+02	3.992969111407633136e+02	-7.911468561845593683e+01	4.353084180543532966e+01	3.530018521035264030e+02	-1.537483899840366917e+02	1.848878482777880095e+02
1.645416700817056039e+02	-6.647697069633212550e+02	3.959256225831099982e+02	5.082636974324464063e+02	-2.846975067500081877e+02	3.997136682775401084e+01	6.565976295712084720e+02	-4.081736777224105026e+02	-1.207069403144735134e+02	3.775990740965994519e+02	-8.254464563993792581e+01	2.546179165163710536e+02
2.141584562536420719e+02	-4.703617932289489545e+02	3.574877955804340104e+02	4.439452648432095430e+02	-2.331600363882456577e+02	-4.106541074870276731e+01	4.409576304785907155e+02	-2.792042969798698664e+02	-1.615686983788108364e+02	2.130574018074072171e+02	-4.749648335431689361e+01	1.056670839357385887e+02
-3.311653771689854864e+00	-4.961923109110225738e+01	3.848162444674345295e+01	2.222981774490284579e+02	1.022669426974780151e+02	4.924181039914672198e+01	2.529992930979159382e+02	-6.599561273558427388e+01	-1.696045872230762939e+02	-4.771827739987610073e+01	-1.396071990352192813e+02	8.952623077527127293e+01
2.112898336832145390e+02	-4.647482384073801427e+02	2.887367110607364111e+02	3.483863044720558264e+02	-2.614060115984478898e+02	-3.681903120234009208e+01	5.592306942059190078e+02	-2.376532083177092431e+02	-1.232287456183935603e+02	1.732678636078267402e+02	-4.453953458177360147e+01	2.337457550005951248e+02
4.211382745019040641e+01	4.350973849073352540e+01	-8.356820984852114975e+01	-2.188706226167061857e+02	-1.763932345807008915e+02	-4.578519984719522284e+01	-1.518604659486718447e+02	-3.342029111737296887e-01	6.305320506399876734e+01	-1.865220022788467418e+02	1.191115943841189733e+02	-6.414264810127896510e+01
-1.681842838785557035e+02	-2.355402855562602937e+01	9.110099327744339348e+01	5.103609817685111238e+02	3.811006910033339068e+02	1.235259331013361361e+02	2.128655389668019495e+02	1.065113333177794601e+02	4.102488146469752905e+01	2.948850703407606488e+02	-1.335935310883500904e+02	1.693566432143718430e+02
1.346727079686155548e+02	4.344876471607700097e+01	-6.664773857117845068e+01	-8.593444972295499440e+01	-2.274262930796921864e+02	-1.920479288876205715e+02	1.461372584946792585e+02	7.462816146252619376e+01	-2.354659986687529738e+02	-4.351659206269586093e+02	-5.962660196228657128e+01	5.377863745489337077e+01
-1.779107935431144938e+02	-2.542201352827647156e+02	2.750713336668132456e+02	6.645680131497431375e+02	3.286199149580136236e+02	1.221188988566557327e+02	4.517514993605067843e+02	-7.033594666762147085e+01	-5.016238726477972421e+01	5.489838141585298672e+02	-3.195188108402433613e+02	3.012011326053899438e+02
2.176205210589230319e+02	-2.817663973525103529e+02	3.530099362395188223e+01	-3.034142468160515023e+02	-5.346547905069039643e+02	-1.110043048355759652e+02	5.051528093926831886e+00	-2.324641565733962238e+02	-4.250063551447915700e+00	-2.259086157266516466e+02	1.517311049917522325e+02	-1.513242926883508233e+02
4.427455441919917689e+00	-2.908112355493053656e+02	1.656711292838199370e+02	3.335859402357403383e+02	-4.295066730802513888e+01	2.286399275408512821e+01	3.461770675195083413e+02	-3.054300933391389208e+02	7.575601291060331732e+01	4.128748011560373925e+02	-3.087094938663926769e+01	2.357890608539490245e+02
4.890576622234490856e+00	2.777362768661895416e+02	-2.414291957030563367e+02	-4.037556871159290495e+02	-9.583596910664225277e+01	-3.024283924789443034e+01	-3.297820943890270655e+02	1.983544255323846528e+02	1.971404412225004421e+01	-3.514181916767495295e+02	1.039250190424651095e+02	-2.995904292359448391e+02
1.970823404389521443e+02	-3.620957264479786772e+02	3.151047484314693747e+02	3.627148087907362992e+02	-1.888820680050853298e+02	8.422507513276922708e+00	3.165211817389966313e+02	-2.007289590008232949e+02	-5.432462649740806881e+01	3.327808372105517378e+02	3.196139446194753475e+01	6.108959722515275814e+01
1.149058357333672120e+02	-6.285167066975408261e+02	3.027395646484682743e+02	5.714128554499691290e+02	-2.672899917811898831e+02	-1.672661550125075536e+01	6.620460240360238231e+02	-5.303925930560660618e+02	-1.080922327218248711e+02	3.517158668808890525e+02	4.268844157374847725e+01	3.280387948354464243e+02
1.970845024882505072e+02	-2.672200193497278065e+02	1.717033880002542219e+02	1.716303028485424704e+02	-1.865577462064628094e+02	-2.063886060947222632e+02	3.929125732052520448e+02	-1.845662878892807726e+02	-1.933179110300154946e+02	1.481075340024003140e+01	-8.733270515711841142e+01	8.125330688620245212e+00
2.141398949903421567e+01	-6.371991591519225295e+01	2.365127018196217534e+01	7.758936450254731199e+01	7.363593276138551857e+00	2.104584624376713009e+02	-2.189824404889270681e+01	-4.242927524842554021e+01	2.413496501648261017e+02	2.853204233638768983e+02	3.251405279991828934e+00	-1.402077888632412339e+02
-6.146658967159709164e+00	1.333126224638824340e+02	-1.950280887130168139e+01	5.147914452213325376e+01	1.485512853500271717e+02	-9.685818118651343411e+01	1.566908414492648660e+02	2.722049196451005173e+02	-2.496982061197932126e+02	-2.602671054086761728e+02	-1.564991634799359019e+02	1.015795514385141196e+01
2.790247976259231564e+02	-1.807688947870020399e+02	-3.365376663025712389e+01	-2.826015426082939257e+02	-5.105789243882952633e+02	-9.632024451486844896e+01	-1.303478727812444333e+02	-2.981764572277816683e+02	-3.607554143467327634e+01	-2.014915256720014440e+02	1.751854906468832667e+02	-1.849578668990398569e+02
-9.286774187175751649e+00	-1.327146953087334325e+01	4.317817193973025525e+01	1.243818199498490173e+02	-7.786692436223790992e+01	-7.156980043666297320e+01	3.957487720691777611e+01	2.625115724372582804e+01	-2.937315551284447679e+02	-2.634966884392889028e+02	-9.140390488071561492e+01	8.919596605480705875e+01
-1.073100107389252855e+01	-7.675850680292109018e+01	1.392571522761834899e+02	5.184413654270223333e+02	2.853830316281848809e+02	3.385648859046202119e+01	4.993514465896107595e+02	-1.282188695717722027e+01	-1.935307882581855665e+02	1.695252683002478307e+02	-3.003002413229989429e+02	2.245532419094455747e+02
6.288626399033787351e+01	1.756319839336005089e+02	-7.891712184729863111e+01	-1.865370736152961229e+02	-1.178502688001996717e+02	-3.650183193787924552e+01	5.229294640013080198e+00	1.040454364124692574e+02	-2.069252655510279908e+02	-2.231690834601512563e+02	6.232237689399863712e+01	-4.239544396289716133e+01
-1.852148236484482311e+02	-2.954378623176451129e+02	2.307059171573932588e+02	6.128857074225746828e+02	3.886600192458158745e+02	1.186908291907727744e+02	5.259037921664306623e+02	-1.948656029747704395e+02	-3.014583523489464412e+01	4.438118782601444536e+02	-2.971013403595409272e+02	3.669688414059411912e+02
-3.084359820583143801e+02	3.055749883927097699e+02	4.951719990235119440e-01	4.990876338964283718e+02	8.681880566747395278e+02	8.326591232245192487e+01	1.279688369258712868e+02	3.534776536427680185e+02	-1.109499171560289597e+02	1.532235743125480099e+02	-3.761221913133771864e+02	3.341870839314587442e+02
-1.803805265092768195e+01	-5.902260951975955550e+01	2.396313218362792554e+02	4.065174708909861465e+02	1.778804515196697480e+02	-2.925279617286244616e+01	3.709974161687993615e+02	-1.218955849338381228e+02	-2.015333366406192113e+02	1.244444719468174014e+02	-2.329653973634187594e+02	1.750093278400905490e+02
-2.744696281069792576e+02	3.505076420779776640e+02	-1.619992536313494611e+02	4.986688583606040481e+01	4.452118464662549400e+02	7.957569770567296530e+01	-2.255728455291799435e+02	3.751844588154833104e+02	4.083990121231340709e+01	-6.469608653109986562e+00	-1.743436361800935401e+02	1.593775461240522162e+00
8.766395150493087840e+01	4.453032932980823944e+01	-6.555351188224312864e+01	-2.779973234984726673e+02	-7.875296090097369017e+01	3.658897561564590006e+00	-2.397611919704611410e+02	7.063678970069662455e+01	9.988559765566208171e+01	-1.752494853502608976e+02	-1.288612337333115931e+01	-1.360960914264536257e+02
-8.967703541519119881e+01	-5.544908560145141507e+01	-6.032151355897366329e+01	-8.425723737047252371e+01	2.377292841389593292e-01	1.049614895375792116e+02	-2.061369721816365939e+02	-1.267591427445283969e+01	3.055680138282173743e+02	1.339493989520663604e+02	8.456414516103210133e+01	-5.227314280162866567e+01
-1.447748826245507985e+02	-1.392794255163670982e+02	1.616373156298260483e+02	5.184798870486083615e+02	3.047081119063736878e+02	4.108507238943978734e+01	4.649015144464356695e+02	-3.662172265733369869e+01	-2.357607205199758198e+02	1.764160812912641063e+02	-3.418077896401813973e+02	2.194202717772584492e+02
-2.084260690224419932e+02	4.475032699517340689e+02	-1.950859138737805552e+02	-1.969467710664339393e+02	4.033348290855957430e+02	4.308136201632432716e+01	-2.500095836939789251e+02	3.148381427506105865e+02	-1.811656254434851121e+01	-1.440267187099783257e+02	-8.296513419811225276e+01	1.052165001304912550e+02
2.674900713419686440e+02	-5.032819046182028160e+02	2.914911716506267112e+02	3.920425568172832982e+02	-2.508376624112046898e+02	-6.363347615536691393e+01	5.316638898123550234e+02	-2.835091224916590136e+02	-1.109574935399845828e+02	2.367764748982426966e+02	-9.289549291066410319e+01	1.956836521358492575e+02
1.684040370296447691e+02	-4.243922906487733826e+02	3.274689105441091215e+02	2.546437491727344309e+02	-1.817213674877657468e+02	-1.778971635792392192e+01	4.080345206731202552e+02	-2.165916386867554309e+02	-2.078946252630955200e+02	6.714795672250977532e+01	-5.685741864141667179e+01	2.539947063845946928e+01
-4.765064323101624666e+01	-1.526882210260325792e+02	8.656077864507278719e+01	2.769010384117946160e+02	1.328142300689916340e+02	1.376832374159587289e+02	7.868808972983420347e+01	7.788507634223535092e+01	1.741813557064785982e+02	3.934009419086189610e+02	-3.578288400404727554e+01	7.223063656182537784e+01
-2.757491428194724108e+02	3.894142210681554275e+02	-1.632992844631544074e+02	9.036069511855946246e+01	5.297019937334218866e+02	1.078962959668241410e+02	2.752816189603262131e+01	2.852766447651321187e+02	-6.042035159633893215e+01	5.362048856637321137e+01	-1.854040728739088877e+02	1.510599174210922513e+02
-3.138591131868493562e+02	2.267096755144085307e+02	-8.271339825173755855e+01	3.282740683211926580e+02	5.567870872833522071e+02	7.568571314961491225e+01	1.450437471626869979e+01	1.036313689924932220e+02	-2.466266260850670733e+01	8.669610848132253977e+01	-2.062963429469517109e+02	1.530552197942324142e+02
1.262419782502053778e+02	-3.534769572448190047e+02	3.381040501669535843e+02	2.326916713788010043e+02	-2.462445722622003075e+02	-7.402531497122929238e+00	5.155803137085858907e+02	-2.697349750639637023e+02	-1.017336388470576622e+02	6.927077235937193223e+01	-6.778117170581714390e+01	2.468051281751537260e+02
1.135138746277207389e+02	-4.155527766870127380e+02	2.890374862362714339e+02	2.713100300828134550e+02	-1.545028635931895451e+02	2.747003581219284740e+01	3.709318557354431505e+02	-2.151079573817125947e+02	-2.230254308729513468e+00	2.369107011622273262e+02	8.711010835585457812e+01	1.227942001745363996e+02
-2.862531274385643201e+02	3.031533002501957412e+02	-2.291941974390114467e+01	1.316669312367086206e+02	5.194042388328811057e+02	5.789739114807053966e+01	-9.506525860169146469e+00	3.124058922078507408e+02	6.332056084753367031e+01	2.022621104629439515e+01	-3.054852958148057951e+02	1.292687534354819547e+02
9.966396617304695837e-01	3.323675849007588567e+02	-2.432967669900685053e+02	-2.884643306462376700e+02	9.426723597820742384e+01	-5.868831351198144830e+01	-4.070978590040714948e+02	2.788730570754740938e+02	2.871823742430407123e+01	-2.944254128342292347e+02	-2.867185586122140251e+01	-2.036912926456923572e+02
1.022029849007126643e+02	6.513402025556347041e+01	2.641835285606511974e+01	-8.746187784235674201e+01	-1.290948392343316016e+02	-2.071765360663549416e+02	1.380279892566304056e+02	1.151133827774856542e+02	-2.744470224693038745e+02	-4.591418315162215436e+02	7.912889749541861306e+00	-5.728106185041561105e+01
1.653598792622255331e+01	2.616699602434534881e+02	-1.775373292138076806e+02	-4.520079361242109712e+02	-2.075903596868090233e+02	2.022234238341633628e+01	-2.402205659436149290e+02	1.298334801184885521e+02	2.963429363831942709e+01	-4.350708640180375824e+02	1.215785045742404975e+02	-2.113874792081034002e+02
2.330760969751615974e+01	-2.902170399396657672e+02	2.686382124004837806e+02	3.219823029608510296e+02	1.110385640684232911e+01	1.427299627802756561e+02	3.352523350735962140e+02	-1.822971679561797202e+02	6.048492755382875430e+01	3.785474615802691005e+02	-6.065664830370563720e+01	1.979672046964752212e+02
-2.566594327043094381e+02	-2.725141294528019671e+02	1.821405792822448575e+02	5.466703203318816122e+02	3.858077475908123120e+02	2.455706996358895253e+02	2.303654022697193113e+02	-8.929111194961559761e+01	1.475557262326783814e+02	6.166783391094927538e+02	-1.878137791489133406e+02	2.840759157439138676e+02
1.153934372172099643e+02	1.215113431246130489e+02	-2.330563364648600100e+02	-5.130234616394036493e+02	-2.402803966384701653e+02	9.663032566338480933e+01	-4.278915053952815697e+02	6.439855459610426180e+01	8.256997724158404139e+01	-6.107692644016270833e+01	3.118121654301979788e+02	-2.944299793246402714e+02
1.161031198109454579e+02	1.055776149386343690e+02	-7.883561952544673090e+01	-1.706350814044835147e+02	-1.907582929874586171e+02	7.323062184343504555e+01	-1.693300435726064848e+02	-4.742546807126996100e+01	1.061486557250676412e+02	-2.425131272590202514e+01	8.627002042164133400e+01	-1.407848668967066033e+02
4.404468639955307196e+01	4.271153986577833450e+01	-1.087273996179130648e+02	-2.540947774542403010e+02	-1.151748276877638091e+02	2.763022492423723264e+01	-3.002458523838569135e+02	1.103973205977252974e+02	6.479848631593641528e+01	-8.550665541630843336e+01	1.680252868638727932e+02	-2.010054389492078144e+02
-1.703003172722604006e+02	1.043790996893003609e+01	1.011799375582553893e+02	3.417747290173185206e+02	4.110053015374645611e+02	2.041559243656311082e+02	2.161997889697306903e+02	1.624804217371487312e+02	-2.726136405180012190e+01	3.794758760030931057e+02	-1.908132906233585118e+02	2.586421040527528135e+02
5.571914465552432461e+01	1.172768919750103578e+02	-1.113034797930891102e+02	-2.007116885714438297e+02	-1.195900519990821920e+02	-1.041229075281689376e+01	-2.782792005858065068e+02	9.742130881995173297e+01	3.848969703866698922e+01	-6.364687999324573298e+01	2.160352016897411431e+02	-1.967688762626088703e+02
2.885003064379339435e+02	2.260843360554550259e+02	-2.048069484405327501e+02	-3.881764693067930807e+02	-2.818561099504202048e+02	-2.920156228650700427e+02	-9.888451713546004385e+01	4.736312968083286279e+01	-1.923912587685967708e+02	-5.912060137735601302e+02	1.433908117679518455e+02	-1.696459418513006199e+02
-2.648168671106413967e+02	3.891664718953765032e+02	-6.110762328480873862e+01	1.050520691013973362e+02	4.986014054064212928e+02	2.242979801868168011e+01	-1.270486351949263621e+02	2.573035835561200884e+02	2.116428918483443056e+00	4.010980629516735974e+01	-2.401496673243257476e+02	6.884278893267045873e+01
1.461554340937577194e+02	2.951995871118398895e+01	-6.745691102294277641e+01	-1.984401830542975915e+02	-2.237723015739529728e+02	-8.846265790568476461e+01	-1.213487979666675187e+02	3.892718856166640506e+01	-7.423149062857960701e+01	-1.797082890821275214e+02	-5.422468550188757064e+01	-1.328008195745022988e+02
3.620916418648029378e+00	-1.205244638619345210e+02	1.089262726874501936e+02	1.849121498847148075e+02	7.800577894850704297e+01	-4.009254811134570673e+01	2.121089935539297926e+02	-5.184206985388844657e+01	-9.829185786571099470e+01	5.654398027945042315e+01	-1.580468920531891399e+02	8.465751469925902484e+01
-7.876478257060206545e+01	7.397865463391017471e+00	-4.330364101296986235e+01	-9.484466336779183848e+01	1.431738827671563996e+01	1.766463643622367385e+02	-1.406621627778989421e+02	-2.189091052923265579e+01	2.087705696949989829e+02	2.222578596328876301e+02	9.206604472240078962e+01	-8.978479250565473535e+01
-1.243612899396946716e+02	-1.985116288502492807e+02	1.730729438775267397e+02	3.947309328722361670e+02	2.686805477895915146e+02	8.430197251830098537e+01	3.198418625802522683e+02	-1.252009631603334014e+02	-7.574359722335942990e+01	3.399957656218032298e+02	-1.563051064602325937e+02	2.723563416698217452e+02
4.077626742061252685e+01	-5.124939442631559672e+01	5.772038794063654166e+01	-3.106646962014138680e+01	-1.818672757312131978e+02	-2.221902833516453484e+02	1.449449406851690014e+02	2.396683467887176278e+01	-2.303339849418795211e+02	-2.691061695180968627e+02	-2.692873320193577058e+01	1.356674259097273705e+01
1.742329042153198202e+02	-2.871182102144611008e+02	1.705584213430406635e+02	-1.273752518321294076e+02	-5.466458386327735752e+02	-1.864079595578334931e+02	1.078012048181234661e+02	-3.018316702541025052e+02	1.886779442001632390e+00	-9.979217967385859822e+01	2.167344494881537287e+02	-5.225615493311549642e+01
-1.337827775355470123e+02	-1.353464669656180064e+01	1.746034573297148285e+01	1.113878230721481373e+02	1.657747065662949808e+02	8.742198593947092888e+01	1.689798121771256945e+01	-1.245692751808576588e+02	1.622926670990957518e+02	2.480923880762762224e+02	-6.936866822554044631e+00	1.454819965771740442e+02
-1.362468111087665079e+01	6.426605355741190806e+01	-1.303649240063319326e+02	-2.110750750717916162e+02	-1.352875308760469295e+02	4.318259884942349913e+01	-1.255766229283258184e+02	9.221136543727727997e+01	-2.455500664153939994e+01	-2.601131903867940309e+02	8.803254500829906704e+01	-1.524594697749508043e+02
-1.340981028345798904e+02	-1.465316889312169906e+02	1.145463610224855699e+02	1.784115866921521274e+02	1.379086202980672340e+02	5.776194637801388154e+01	1.101430427737477089e+02	-4.985503436647726971e+01	1.654323989491838063e+02	3.341446243396616183e+02	-9.292642397259855613e+01	-3.276632303371847854e+01
-1.192998212575304251e+02	1.625433861049205859e+02	-6.918316801803148053e+01	1.950796653649466066e+02	3.313125193605596905e+02	-7.798097393492238893e+01	1.420757139515536096e+02	2.814232430328503369e+02	-2.455502192190421908e+02	-1.609090154958449830e+02	-1.533881842323512501e+02	8.945224942763917397e+01
-2.072273575603722406e+02	-9.334530191149831069e+01	2.021222791253858873e+02	5.120302577410426466e+02	2.061258804637801632e+02	5.479021151644327858e+01	3.093943497470646093e+02	-3.343326356551931866e+01	6.011721046038211824e+01	2.460731878429262451e+02	-2.598909808212124517e+02	2.585080700775655487e+02
8.483064215026082877e+01	2.693210244512849272e+01	-8.236742271330223275e+01	-2.039973050905343257e+02	-3.011310520962840087e+01	-8.683098893664663365e+01	-1.039616706351544053e+02	1.479245762672210276e+02	-8.688202317058880908e+01	-2.266427323344298372e+02	1.366517228069272676e+02	-1.403400873297992462e+02
-4.131301063444881549e+01	-1.951574333277324769e+00	4.242546117085645108e+01	-9.822571976066124932e+01	-9.336133185500877119e+00	1.132439348739306126e+02	-1.767319630680577518e+02	-2.861329931229526835e+00	2.553973055005778861e+02	2.304129041296777132e+02	4.359142615068698490e+01	-9.211112391328671833e+01
6.194460266524544068e+01	2.576635321013579869e+02	-2.307355406523700196e+02	-4.120757462688958412e+02	-8.428847263961847602e+01	-5.687405463107672432e+01	-3.883657687501273017e+02	2.249610216592610925e+02	-6.847940685781072290e+00	-2.958521476522291778e+02	1.133504904827308906e+02	-2.513114351708664458e+02
1.533131637373342926e+02	-1.511976943011823096e+02	1.714852914140071221e+02	8.466684783955143700e+01	-1.667842488661319749e+02	-1.971241687993314144e+02	2.524462314874152753e+02	-4.531322367952024166e+01	-2.280111146161476086e+02	-2.071933811489514596e+02	-7.155091227772729212e+00	4.106934960955011604e+01
-7.179314339017307134e+01	-2.142591447760873962e+02	2.120091950080955598e+02	3.831729137589006768e+02	3.251604454633827146e+01	2.580807018211420356e+01	3.266736468363649806e+02	-1.853114311486137069e+02	1.051743294618193545e+02	3.791630322590150399e+02	-1.813042624251983739e+02	1.871166309744876912e+02
6.104294396904701614e+01	-4.167666554498958931e+01	5.642584019665059003e+01	8.701609188153452124e+01	6.172817451164856806e+01	-1.183156057861080228e+02	1.322517548250130801e+02	2.132704049938386675e+02	-2.704435193023552984e+02	-1.929689047292135911e+02	-4.512769681656658349e+01	1.211270474637223629e+02
1.405402190284095809e+02	2.102127652071183661e+02	-2.248493362014749835e+02	-3.991174537931237865e+02	-2.143375126449894594e+02	-4.795317519384452964e+01	-2.217586411470914527e+02	9.766577450107233460e+01	-8.973817947960327501e+01	-3.840611248248104062e+02	1.898857096442140744e+02	-2.792950742918172864e+02
1.221778115456116183e+02	-4.898725291793489305e+02	2.831496425953003495e+02	3.152492507011373846e+02	-2.411316996519910276e+02	-2.013797631681725875e+01	4.890479337232467287e+02	-3.560355446524494596e+02	-1.127622097845217013e+02	8.748813427453083591e+01	-1.533190331563226323e+02	1.235963112358414548e+02
1.809423943954592460e+02	-8.877298970077431761e+01	5.341653157457416512e+01	-6.071815764563517348e+01	-1.485426269114003333e+02	-9.277918794493749033e+01	2.156740920879849455e+02	-2.363324085429185573e+01	-2.322443322956431189e+02	-2.723127309987219746e+02	-1.018211626613269090e+02	2.737425479126008909e+01
-5.975968286760833337e+01	-8.727410801518907135e+01	-1.080992718732893820e+00	2.047702136678622651e+02	1.752265693354780751e+02	1.052433272005302811e+01	2.417857787888596306e+02	3.159304990503724753e+01	3.366042087210097122e+01	1.893656553675622547e+02	-2.821291756917094062e+01	1.664678339012807555e+02
-2.739234687729149869e+02	4.826337891733555807e+02	-1.611916268328668025e+02	-2.357024914322945506e+02	2.184479546000621610e+02	-6.447115335584979334e+01	-2.642245956293063500e+02	2.663617335200299294e+02	-6.780400001772680696e+01	-2.993199293047406968e+02	-3.841391335537885254e+01	-1.092173979346184325e+02
-1.350353504872082055e+01	8.491800307851733010e+01	-1.724972866893520518e+02	-2.875299763617761641e+02	-9.258161920749071783e+01	-3.000515314512792031e+01	-2.262735050543316220e+02	6.112043247420934478e+01	2.720724075049486856e+01	-7.341964266991855936e+01	1.015400043117395512e+02	-1.296805674833497051e+02
1.034364960125685684e+02	-2.252959486284549939e+02	2.728766107298744146e+02	1.523809326337884045e+02	-1.444880334919232041e+02	-1.818335639821196992e+02	2.848713325423181573e+02	-1.288747899651985449e+02	-2.104710432395551436e+02	-1.476832104997282613e+02	3.896551555761961083e+01	1.019730378964618112e+01
9.133044090146356098e+01	5.248161782944369236e+01	-1.025833946771072931e+02	-1.796164689759247892e+02	-1.018257815947075926e+02	6.705330801584867118e+01	-1.892629251904537853e+02	-8.420842199770790160e+01	1.117923311245467346e+02	-3.259825158518600574e+01	1.551255109383974400e+02	-2.138985881406703129e+02
-2.428949136569488587e+01	-4.752206400365362526e+01	3.593336642121121827e+01	2.051147394917587690e+02	1.194568827937644073e+02	-1.229930692544137543e+02	1.694032095178744157e+02	-6.530529930999452404e+01	-1.826671855378368150e+02	-4.632377310505489731e+00	-1.257687803445478352e+02	1.267276232248153747e+02
-1.202833147580081459e+02	-1.061926343850433341e+02	1.867179170514019688e+02	5.099332290599247699e+02	3.470186534771467564e+02	-3.790960358211194148e+00	4.800178104830473558e+02	5.755810347599317822e+01	-2.464219053105744592e+02	2.382995875145451805e+02	-3.159341303888177208e+02	3.443249454395644875e+02
3.520432472358677956e+01	-4.219307576181124091e+02	1.760214982325185247e+02	3.131136972629258253e+02	-1.279717282371072073e+01	4.048278607521203298e+01	3.096590352599442326e+02	-2.636432838550151700e+02	6.028466265280468406e+01	3.144298762550491233e+02	1.020075073007664912e+01	2.152383461975346961e+02
-2.503120355511343007e+02	4.319630534755169720e+02	-1.437752873660629689e+02	1.210624935484027560e+02	4.849319996295739656e+02	4.903862769741056127e+01	-2.146141690431389009e+02	2.091296410702440198e+02	9.923714947104265605e+01	-6.049657864460810686e+01	-1.532297115349587386e+02	4.660854023463221552e+01
2.282862434512850314e+02	-4.589318129848112449e+02	1.473282323752653724e+02	3.444920910730554198e+01	-3.921105035800167684e+02	-5.947305219959542200e+00	1.110466142005820842e+02	-3.948404857642910315e+02	-3.441798603506887133e+01	9.378045463215835298e+01	2.436903561871866941e+02	-1.535065991797170284e+02
1.336576816224994957e+02	-6.552510621316801007e+02	3.559830629531024897e+02	4.670628090697939570e+02	-2.166885778208171587e+02	-6.511260151960173914e+01	5.837716071386627164e+02	-3.599730179532746206e+02	-5.584536016376350887e+01	2.526021205382979531e+02	-3.075194575438565892e+01	2.149736196270694109e+02
-1.026239159461359804e+02	-2.362010728083379547e+02	3.243405814691566320e+02	6.558291278188967226e+02	3.557841315158530051e+02	7.318192880936166489e+01	5.001773420204129366e+02	-2.712458731915019428e+01	-6.088403742171261968e+01	3.348973114298704559e+02	-3.794977881933212984e+02	2.579881375046614380e+02
-1.589363676709166668e+02	-1.336860680030540038e+01	9.497034010480098232e+01	4.714115926312643978e+02	4.250246796899937181e+02	8.899029378813985147e+01	2.069260657928164164e+02	2.835169513285612197e+01	8.820796179194259423e+01	3.083792047804822118e+02	-1.825783348148799519e+02	2.203836438407928142e+02
5.701242549455994180e+01	1.501763279930563044e+02	-1.021550051792489739e+02	6.279679432773641423e+01	1.676972923358992773e+02	-1.336999554997486257e+02	5.458457743492797931e+01	1.707290700390524876e+02	-2.973665471053475358e+02	-2.682391934430298193e+02	-9.578346555695721065e+01	1.508473109169947861e+02
-1.355357593632765258e+02	-2.739984693931764923e+02	2.498528809658182297e+02	3.870718586590261907e+02	1.240455914563307260e+02	7.652664105329193944e+01	3.157943060762762002e+02	-9.776123099874919831e+01	6.498720375537388350e+01	3.156347706136891134e+02	-1.468977276705358008e+02	2.813276558157848513e+02
1.208979502504419088e+02	1.813705688257339546e+02	-2.292210466165892058e+01	6.351294146606250024e+00	-2.064694170244752414e+01	-1.663352224959571686e+02	3.774948702422364022e+01	7.609909964953098438e+01	-2.654968081165587819e+02	-4.063738197655391104e+02	-1.164292264325655708e+02	-2.452006027262405041e+01
-3.119214186834758493e+02	3.551352068252462573e+02	-1.022260975517242088e+02	-1.686942523850987641e+01	4.911195976314461973e+02	1.024675755980315444e+02	-1.492300386820629683e+02	3.918047900901000276e+02	5.171620356468710611e+01	-2.435964985583589737e+01	-9.807299769053388161e+01	6.673541219864516449e+01
4.343267409899222287e+01	-4.712494568149585206e+01	4.194881751454794738e+01	6.191231458298349111e+01	-2.141687805019614359e+02	-1.665948987527560234e+02	1.760920461991113939e+02	-8.972024206902356980e+01	-2.745705030270652287e+02	-2.694154839240475212e+02	-6.251864898408982185e+00	-1.875791642699580564e+01
1.912645010554080045e+02	-3.780308450400382299e+02	2.275527610677551991e+02	-8.314248648170558909e+01	-5.289116460858944038e+02	-1.504507386455271956e+01	1.185989050041833934e+02	-2.816483501145504533e+02	9.288432394078212084e-01	6.415866539179100414e+01	1.980506151315811962e+02	-2.833822579871095115e+01
-6.099936969498278216e+01	-1.581268349586537738e+02	-1.648817599504766918e+00	2.653875492951699471e+02	6.909950690340164670e+01	2.084395895548514233e+01	2.207266063195761774e+02	3.942892165238081503e+01	-1.270918909296516688e+02	-6.259583590482756676e+01	-8.813915602357894841e+01	1.496620816549189499e+02
-2.943211981626422471e+02	3.650750331018858788e+02	-1.167573341880335391e+01	4.564242241484875535e+02	8.431004743194812363e+02	1.106801636499832426e+02	2.090842032173563894e+02	2.889005848732141999e+02	-9.185223778725094235e+01	1.224561320317156969e+02	-4.141208924397138844e+02	2.610577140682564732e+02
1.270788042121215256e+02	3.411372804645236556e+02	-1.109321570556046765e+02	-3.823206886949799355e+02	-1.954303131101769964e+02	-2.041460553823298163e+00	-2.874336552113577454e+02	1.130221164371800171e+02	-2.764225266323531116e+01	-3.997153662748664260e+02	1.035044721048491141e+02	-2.915297036148909910e+02
-8.950525044855913848e+01	2.466691799042018260e+02	-1.054926886386243723e+01	1.743723793311237387e+02	2.967311926603290431e+02	-6.031219093806348752e+01	8.696379315334637283e+01	2.016861326335967419e+02	-2.100942032810789044e+02	-1.321474393800548341e+02	-2.303832635645030109e+02	1.554836867985868878e+02
1.919044911088409435e+02	-3.905588124099238030e+02	1.354169444376652791e+02	-3.074543947739854843e+01	-4.717032067648865450e+02	-1.153044745590535882e+02	1.456286782336075021e+02	-3.424632908693842523e+02	1.702715694461886642e+01	9.729095787760880398e+01	2.258866186399834248e+02	-1.448160712956694773e+01
-2.864985830838801348e+02	3.947700736789583971e+02	-2.801487386981752934e+02	-9.832182496236158897e+01	3.423882083475651825e+02	8.029196360865810789e+00	-2.627212427938325732e+02	3.154369718412612542e+02	6.029952283132405277e+00	-1.525117456786835533e+02	-6.032395758529047924e+01	5.981724252726010604e-01
-6.022498553978930147e+01	-6.144767067992331988e+01	1.543441870799857725e+02	2.588033397136021563e+02	5.934600717661879798e+01	3.528734505249516928e+01	1.787500372213304161e+02	6.259915081956857819e+01	6.378762327456603742e+01	2.299761101238015328e+02	-6.554437427187082221e+00	7.149969505353162447e+00
1.662393066095498000e+02	2.597618110806750451e+02	-3.160953700513501303e+02	-6.190505456945310243e+02	-4.197474710104527276e+02	-1.644218706236959520e+02	-4.285929492870303079e+02	1.269430362511102715e+02	-6.548158131080292321e+01	-5.586567739955875140e+02	3.011398635903180434e+02	-3.148084922484977142e+02
-2.096098642625015600e+02	2.579327058448636194e+02	-1.659590626851864670e+01	2.688921737074770135e+02	5.737024503673195568e+02	-5.914990308420769338e+00	1.745361379390454601e+02	2.030331763881908387e+02	-1.861715671383189772e+02	-1.600094000356870083e+01	-3.216823590561660922e+02	1.830684163908346420e+02
-1.629136501085919519e+02	4.510108185425837632e+02	-1.679088657309875714e+02	-2.046616241850322240e+02	3.518207162231918801e+02	-6.449745994371152591e+00	-2.912046139303141103e+02	2.511680843283937463e+02	-4.906260496179424990e+01	-2.866389011712876709e+02	-9.490620012385751636e+01	2.138641777641115738e+01
5.294592213241830336e+01	2.167579520519968810e+02	-2.268060253238362804e+02	-6.305337123253237905e+02	-2.918326854672331478e+02	-8.503558044308415731e+01	-5.049511959550957840e+02	2.879155754562464153e+01	2.352715671330377631e+02	-2.511842758045553978e+02	2.638233314565712817e+02	-3.240136565338526111e+02
-1.827173231352000471e+02	-2.052340296332941421e+02	1.820865580556145460e+02	5.926735447809323887e+02	4.634687201616104630e+02	1.955473499747182586e+02	4.251889142990022492e+02	-8.050684160107638832e+01	7.830132687170970485e+01	5.665925730189035221e+02	-2.685014230659077725e+02	3.199028185627403786e+02
-8.695371821183515237e+01	-1.092193056797427602e+02	2.719794096589443910e+01	2.615597454396984745e+02	1.822428242489925481e+02	7.741217023588813362e+00	1.605900740859545408e+02	2.354688341736573420e+01	2.727179315501806656e+01	1.167687137004235183e+02	-9.401407688027640575e+01	1.322578928346828206e+02
-8.755465225680976005e+01	3.787198816733273361e+02	-2.485987451956783616e+02	-2.513636451530939837e+02	2.330990530223693611e+02	-2.358670761073784305e+01	-2.995841756232157991e+02	2.478689468072088573e+02	-1.067906288875233045e+01	-3.355443157603389182e+02	-3.235274397387770051e+01	-1.304165337415304009e+02
1.049391707102980860e+02	-1.191746944076031696e+02	3.274784162197848048e+01	3.757377043830037877e+01	-2.272949861043384203e+02	-1.279114849632069451e+02	2.474530371112366538e+02	-3.927198726078374591e+01	-2.503277175918596811e+02	-2.340065648340984126e+02	-6.558342384328665275e+01	7.801858140525062879e+00
4.844059133962839070e+01	3.785280129117223424e+01	-1.140332180958164514e+02	-2.829025344201663756e+02	-1.206609869355715006e+02	-4.730776847924004613e+01	-1.136034961103622294e+02	1.625915093848572468e+01	3.551576071165574433e+01	-1.642947822899752737e+02	4.815816888817328589e+01	-1.497526090297573660e+02
7.922855568733218945e+01	3.025096078717355681e+02	-2.271116380090358859e+02	-4.181503158651819376e+02	-1.326455308399010562e+02	-3.022618926231611880e+01	-3.458339684886923919e+02	1.286309701279041917e+02	-4.820783196575789731e+01	-3.539700649886113979e+02	1.251271818509977436e+02	-2.696398955221126243e+02
2.241960132949130013e+02	7.241674915321152639e+01	-1.055402208563741482e+02	-3.641512641932376368e+02	-3.951803216250345940e+02	-7.408786118221132710e+01	-3.024895697843094808e+02	-1.661625491873683131e+02	-1.612459838633228060e+00	-3.736078791041470026e+02	1.417368365085620781e+02	-1.940554532051267813e+02
9.007973340143652763e+01	-1.343372828523659450e+02	1.882963606997786883e+02	1.005631693009938346e+02	-1.563699115044920518e+02	-8.474850803771036567e+01	2.479872576965051962e+02	-1.433186374972105455e+02	-1.990038593501811590e+02	-2.218817582763041969e+02	-8.135116085668394703e+01	-5.118583862931913586e-01
1.479273650074999864e+02	-4.748439895523270025e+02	3.250201563362358002e+02	2.795875320573109093e+02	-2.196622704146855085e+02	-9.147288472285424632e+01	4.652254536504643170e+02	-3.114899786036980913e+02	-1.855062135277895550e+02	1.933666593637741755e+02	-6.721038641560451765e+01	1.365585479724535389e+02
9.004031550224107150e+01	-3.838631406367815089e+02	2.182931677041005969e+02	2.937024378747478863e+02	-6.187945952542986561e+01	7.752965879909424984e+01	4.246657512348589876e+02	-2.802688769176648975e+02	9.104735806047696656e+01	3.245275866766387480e+02	-7.826574861584177256e+01	8.793141325637718353e+01
-2.233195074631607326e+02	5.054077524064121008e+02	-1.035416689665292438e+02	-4.392380186344390580e+01	4.926743559748359189e+02	3.512281881705170150e+01	-1.906399826999224274e+02	2.740815871028291326e+02	8.682181557473538192e+01	-1.405450390036874353e+01	-1.200974627846862148e+02	2.924735771338343682e+01
-2.271401245195652336e+02	1.549856410505986730e+02	-4.551066448355786775e+01	1.983592958349683499e+02	4.719425150281502397e+02	-7.577032402103844788e+01	1.478596743127575053e+02	1.782355913278960884e+02	-1.933924891154064767e+02	-1.111191064177204453e+02	-2.331748137911960157e+02	1.834306626034987175e+02
-2.156916119042158186e+02	-6.964310821913760208e+01	1.979814855142377326e+02	4.290715392371966459e+02	3.855533642727020833e+02	6.218487080784635879e+01	1.666810724151222303e+02	1.164779211466841815e+02	4.989919384508417011e+01	3.253648744561056674e+02	-2.773002583778536518e+02	2.038073866062021580e+02
-9.573940632597651756e+01	4.124956502575194577e+02	-1.984470433002549328e+02	-1.563601952036692353e+02	2.565209191283389032e+02	-3.688554472741287782e+01	-3.121758472984668629e+02	3.623605835274996707e+02	-5.066976969867385350e+01	-3.668451018623870254e+02	6.744962173989347320e+01	-1.158721092575138698e+02
2.043967258931466517e+02	-3.726388284099968473e+02	1.217546675142596939e+02	7.030472517338722582e+01	-4.211591609261581084e+02	-2.801262870028503116e+01	2.510100867490640155e+02	-3.657927893613314154e+02	6.407297126285376976e+01	1.762139419620145873e+02	1.637706180869463992e+02	9.121809392057823374e+00
8.733360520866347088e+01	5.294371430359394992e+01	-3.642273142933812835e+01	-1.481050620190270593e+02	-1.424932384051710130e+02	-1.648672760733977611e+02	-2.800307055284065427e+01	1.140468639631608880e+02	-8.429461063142136368e+01	-2.969403941386486849e+02	-8.369187355235833081e+01	-1.931397113022656598e+01
-1.074528808090626768e+02	2.072885786764880720e+02	-3.325308891061762750e+01	9.342660210572722690e+01	2.758782156161015564e+02	-3.223598945970634588e+01	1.188937945026082730e+02	1.371221371437451921e+02	-2.426478713869940123e+02	-1.819665209335223324e+02	-1.812813482973234898e+02	5.779828538224849410e+01
-4.912301033645090342e+01	4.824388296251393058e+02	-1.938762903945620337e+02	-1.790862176112565578e+02	1.847410143675367635e+02	-8.513366397553517118e+01	-3.721113959806981484e+02	3.053285903310613776e+02	4.315683013853602645e+00	-3.033798051696549010e+02	-4.708132846035316277e+01	-1.769649718234886677e+02
-9.469065381515818558e+01	4.173991139131189811e+02	-2.244453631946315113e+02	-2.781115179821906622e+02	2.270777660599927117e+02	-8.087763768402027154e+01	-3.118728283992364254e+02	3.413702059599413019e+02	1.431435032528902696e+00	-2.987534615559897588e+02	-8.053476249464439718e+01	-3.299498070388785465e+01
-9.164648817014486326e+01	-1.499723624340753645e+02	1.917915480809903670e+02	4.050578182328990806e+02	3.627115346825322604e+02	1.227335313980221372e+02	2.650461578905957367e+02	5.775177185345114594e+00	-4.166393413938933321e+01	3.002974942025763312e+02	-2.471791795397253964e+02	3.098197443606752586e+02
-1.766011072275060201e+02	-2.933027748002406838e+02	1.692242183447093566e+02	3.976721640054828413e+02	3.273140567423221796e+02	2.704559091567649034e+02	3.414196244518817593e+02	-8.352943916271847513e+01	2.764833821906815956e+02	5.756308265301918254e+02	-8.989727761306335196e+01	2.366156836110142478e+02
9.436434748410731288e+01	-6.980884600744340105e+02	4.422750831060936321e+02	4.960593978439841862e+02	-3.258793022589040902e+02	3.068918600027859611e+01	6.448690840886018805e+02	-3.575193331017152900e+02	-9.823171362168788789e+01	3.831691815215715451e+02	-1.860533119108279436e+02	1.768757236635991035e+02
-1.545065519389873430e+02	4.755909079622016407e+02	-2.694225049092391941e+02	-2.905450535112268540e+02	1.411795178108814639e+02	6.430488473585467091e+01	-2.682840358950980431e+02	1.845679886025179712e+02	-1.993128478763264155e+01	-2.924791411595730892e+02	-1.090439991072414827e+01	-1.276717813851201697e+02
-7.269635408176827696e+01	-1.611195462417791191e+02	3.934232590853612521e+01	2.306250428841683231e+01	1.001346530145219731e+02	1.508775211438440351e+02	3.210184092017195212e+01	-5.839525209330641076e+01	2.326872338772570856e+02	1.969133243315270079e+02	8.634678643806168452e+01	2.025080182190490774e+01
5.614386768455271692e+01	9.308954123527223601e+01	-1.506571269241620143e+02	-3.043016722833119161e+02	-2.678450631151075640e+02	-3.599278685390584087e+01	-3.863916886843957741e+02	2.164027572724322113e+00	2.108132881399136522e+02	-9.397510965979645903e+01	1.496510375683967027e+02	-7.851473546689013006e+01
1.337150466494461512e+02	-1.958022542171116243e+01	-4.888321481623344766e+01	-1.000199262471361408e+02	-1.078899394578120337e+02	-1.239502951074522059e+02	7.987604493557080332e+01	1.167988004288067430e+02	-1.527287346242204649e+02	-2.918039082067559775e+02	-7.004530783082164191e+01	-6.546906308138474628e+00
-1.659797419767613462e+02	-1.482693811670760908e+02	2.259894884824471433e+02	4.536893462152493726e+02	2.801991101475572350e+02	-5.430308396679757266e+01	3.212821458906949488e+02	-8.830660844864409853e+01	-3.851490507764263782e+01	3.602534167356198509e+02	-1.864591189130354962e+02	1.684372460208921325e+02
2.517193215354111544e+02	-3.995843718641389160e+02	2.132172204643734972e+02	2.755620496928062835e+01	-3.732936231767901631e+02	3.345793607056425856e+01	2.838200997147241083e+02	-3.270850797902040199e+02	7.185634869631333466e+00	1.740692466323638996e+02	8.922668818537582069e+01	7.282644062285186237e+01
4.725173242472779123e+01	-3.889434756654802072e+01	6.038953201463897358e+00	2.327240697034486061e+02	2.269234006866893196e+02	1.221960981412805438e+02	6.150389932119671244e+01	-3.904902018040255740e+01	1.177583703888203956e+02	2.273254483904158292e+02	-2.765320602293606811e+01	1.163238361167820472e+02
-2.996276541659197790e+01	-3.221208208495690428e+01	1.673820874036405826e+02	2.869145226898529017e+02	1.569361632162370768e+02	2.988179136917383971e+01	2.447962573977833927e+02	1.892455840285596480e+01	-1.285335035207811814e+02	7.364627398837993155e+01	-2.526391243640329947e+02	1.067214346643034588e+02
-4.847342908036515041e+01	-4.687126043255643992e+01	3.484840170811241933e+01	1.600097298069096610e+02	1.428246787487445886e+02	1.635111617685774945e+02	2.016182020289548404e+01	-4.548884146282231455e+01	1.732763229962765763e+02	2.131425725402813214e+02	-5.951965318099143332e+01	3.317828648657820168e+01
8.605431580804093983e+01	2.145286843242565737e+02	-1.991512744004452031e+02	-6.817428621662853629e+02	-3.482162040262774667e+02	-1.253255145079702970e+01	-4.561248512810129796e+02	-1.823548808079442196e+01	8.614357201084860094e+01	-3.107063556633632402e+02	2.969986579126212405e+02	-3.591410594085226649e+02
2.320103350353620897e+02	-3.737993421534063714e+02	2.108972478046639196e+02	3.223675236449619206e+02	-1.758828039391720210e+02	-1.329150639429811633e+02	3.624761226901964619e+02	-2.455481892591840563e+02	-1.455343472589476903e+02	4.929414845801278489e+01	-1.230677177559165187e+02	5.928063176500172915e+01
-3.166579712930300730e+02	3.766189943553081321e+02	-1.174614606448425604e+02	9.799544141217405979e+01	5.071191530528837461e+02	-6.879209773422289231e+00	-2.620542038637343296e+01	3.007729185125412528e+02	2.920088690306583246e+01	3.400000508365356922e+01	-1.925815734534905346e+02	5.408563987618069291e+01
1.711513376134968212e+02	-5.366747234221357985e+02	4.392971022479162571e+02	4.224825212246983597e+02	-2.952196459718018673e+02	1.306469523913144570e+01	4.928148149207287929e+02	-2.656966227862564551e+02	-1.541838248131843159e+02	2.339894694237502790e+02	-8.338184158206628638e+01	2.362149551396273068e+02
-2.384663770708838797e+02	1.913605058228768030e+02	-3.485105734795947541e+01	3.176852862384246805e+02	5.923895513708703220e+02	8.163035980325079777e+01	1.236257715669837154e+02	1.258199360206605206e+02	4.505054181349470355e+01	2.172551196424671502e+02	-2.170670938628578881e+02	1.195249663696221631e+02
-1.882165604816212294e+02	-3.571922574768749570e+01	1.117788207202549131e+02	3.912696267019086918e+02	3.657256962894221601e+02	2.458945493740407073e+01	3.336403579359952687e+02	-2.640690334075451773e+01	1.294693337835565785e+02	2.944857230441256206e+02	-2.584598259341834705e+02	2.092278098880795483e+02
-2.988684254500832935e+02	-2.700676096987327242e+02	1.618566224736534309e+02	5.106000012934949268e+02	4.812947766507430174e+02	2.771853372012794807e+02	3.964308362070788121e+02	-1.146520800680804939e+02	1.468140871658776803e+02	5.287749329492434072e+02	-1.475152414949146191e+02	3.219452699544722236e+02
3.533350919680400466e+02	-2.193431270063151999e+02	1.423566386506086019e+02	-1.287860109937805362e+02	-5.132813056095623097e+02	-7.969815991367254071e+01	5.499758473904414302e+01	-3.087862249887318740e+02	2.425636090668902511e+00	-1.549713394082233719e+02	1.618611594890962806e+02	-1.553438404444932246e+02
2.032120362648905711e+02	-6.082488782503327229e+02	3.724653535298953670e+02	4.988028438182953437e+02	-2.181641335446894914e+02	-9.029954997627439184e+01	6.906644303386977981e+02	-3.753575758171466532e+02	-9.564138085274086620e+01	4.002074941212527506e+02	9.640669251881909929e+01	2.245539010749048430e+02
1.428949782179444981e+02	2.908147951276126975e+01	-1.025413844618149142e+02	-3.719303616463277535e+02	-3.645829847010013509e+02	-2.102195608050538453e+02	-2.890831807551761585e+02	-5.370971618050815977e+01	-1.651109699083667692e+01	-3.430410699278369293e+02	2.712666054783747995e+02	-1.651166665023133078e+02
9.678178229882817618e+01	8.875254980297397367e+01	-1.220162714181523711e+01	-8.648234166634553333e+01	1.461764542504572546e+02	-1.736172740466935522e+02	9.735533087932289220e+01	1.434449280287362285e+02	-2.881565367740637384e+02	-3.894889621429273348e+02	-5.475728523638018430e+01	-3.640190267159499626e+01
1.193338790179980862e+02	3.510187274315414925e+02	-1.851583647858095674e+02	-3.342734988405917989e+02	-5.866504629121979519e+01	-1.023452107835252747e+02	-4.092804039947901060e+02	1.754312520156836968e+02	-9.822091903670404633e-02	-3.321926136804761427e+02	2.065025292172290108e+02	-2.088642404399727468e+02
7.932858303163294522e+01	-9.898921342700333525e+00	-4.686680661395021019e+01	-2.570292469878722841e+02	-1.234826400740178514e+02	-2.619219349057146928e+00	-1.752222452307319145e+02	-8.184834901823541031e+01	4.765435164698821069e+01	-1.224787737134167287e+02	2.045291441937137051e+02	-1.098771878039823946e+02
-1.844049168091999036e-01	2.133017243516206349e+02	-5.473311723290839836e+01	7.287268291810136134e+00	1.489370840804856471e+02	-7.139300252334851393e+01	1.693431680907836494e+02	1.681558872420453667e+02	-2.138460322571930874e+02	-2.425077692685196951e+02	-2.139984263485773397e+02	-2.474421900435078037e+00
-2.251024886113653167e+02	-2.471143557733813623e+02	2.483388710691437211e+02	4.580340913850604352e+02	2.544967949931774456e+02	1.616817350480224320e+02	1.772367332314944122e+02	-1.035390847797430069e+02	2.196701724784382179e+02	6.478358661473292841e+02	-1.558708946676907772e+02	2.040815834007647993e+02
-2.013044542438831996e+01	-4.216998303780803781e+01	1.642676882007750976e+02	4.153118710359675561e+02	1.947924766994255776e+02	-4.424403446868154788e+00	5.092560378569221484e+02	-5.510377277206652380e+00	-1.722507921366049572e+02	9.273006342822696979e+01	-2.031148157165439443e+02	3.215265018474268004e+02
-9.897301050007635581e+01	-1.287322992388282614e+02	1.863556482738397051e+02	4.570153695839242118e+02	2.053731238930284917e+02	1.677281760379587539e+01	3.376977535284585770e+02	-9.117435590976006665e+01	1.262118961771518855e+01	3.440147368333315967e+02	-1.212666288525197871e+02	2.794845258962869252e+02
2.109013657732909408e+01	5.346565940523345262e+01	4.189774260876571788e+01	8.710504991638828187e+00	-1.956464148644188938e+01	-3.137391946251995023e-01	1.635670604508730150e+02	4.494885098952615010e+00	-2.917254808557194110e+02	-1.773804924795283284e+02	-9.972881941976285702e+01	2.004129268837635180e+01
-7.868824076372226273e+01	-3.132533166109763556e+01	6.314503165771579063e+01	2.948929664774930188e+02	6.374607497503180298e+01	4.460463662935563178e+01	1.068619087710887925e+02	-1.612466845522729386e+02	1.934328681951867850e+02	3.373073459978682536e+02	-9.976570284668906652e+01	8.695340643169181760e+01
-3.977023197588285370e+02	2.960489173191708687e+02	-4.512155848350720078e+01	4.971432991099291030e+02	8.642699570580283535e+02	2.207595796045298187e+01	2.050283787545572523e+02	3.972815446771206211e+02	2.548203463728106044e+01	1.780774047275847920e+02	-4.869069704592010908e+02	4.067591422850175604e+02
1.514339598179610675e+02	1.004672906832381187e+02	-1.293781780239306727e+02	-5.013455452494578140e+02	-2.148168961686893681e+02	9.420607173131884338e+00	-5.364071701597006268e+02	3.143924058738878813e+01	1.928244801130359747e+02	-1.546292653277467934e+02	2.735525595377050649e+02	-2.027419753022138877e+02
1.794378848413468290e+02	-4.054177330605381826e+02	3.039448665835629981e+02	3.148488158771770600e+02	-1.802382412381992083e+02	-8.731016757416742280e+01	3.151848324099019010e+02	-3.429480183346900617e+02	-1.977749455011742441e+02	2.939702070379416909e+01	-7.607536235969438110e+01	1.751641502579498137e+02
-7.815634432799785714e+01	-2.509922192782160550e+02	1.693293624407262996e+02	4.475864581210477127e+02	2.030713285715327743e+02	6.994082755924750927e+00	3.467798061579180171e+02	-6.247751563578827927e+01	5.145829950990097501e+01	3.625931582391898473e+02	-2.442269538980573031e+02	1.812995570631436522e+02
-1.136743854200843060e+02	-1.173347026375741251e+02	7.212621340102536749e+01	2.184897260361623523e+02	2.291780385194885810e+02	1.358975194430586555e+02	3.967993438596847966e+01	-8.423746709528991516e+01	1.374343955705200813e+02	4.715643840440556005e+02	-9.605182109929077683e+01	9.633219338237898910e+01
2.672979273627341001e+01	2.005429567348390378e+02	-4.489296913884373907e+01	1.518546528579748411e+01	1.891324068345002729e+02	-1.037449523883064728e+02	1.579610556136542527e+02	1.967075247618763001e+02	-1.151618061580800827e+02	-2.904697597566765239e+02	-2.888891491704060286e+02	5.613557439309165176e+00
-3.273797662950778431e+01	-1.715183417148775789e+02	-3.406969385338137357e+01	2.198658901541504918e+02	9.847588162913444876e+01	1.813112280945274080e+01	1.425320989226486574e+02	-1.135146349118094022e+01	6.659662778530629623e+01	2.328072857339273583e+02	-9.524094880029690557e+01	1.462373919477001323e+02
-1.336593474130198445e+02	-2.325301890222393979e+02	2.237459453505110218e+02	3.911726673041034132e+02	2.431538445305678522e+02	4.717407851064858448e+01	3.740334841925402998e+02	-8.113066513215093778e+01	7.296573387414915146e+01	2.287188590812174880e+02	-1.541552692347531206e+02	3.019156820619594441e+02
2.387129270127714165e+02	2.413410332507297653e+02	-1.776748815887897877e+02	-3.211202799740225373e+02	-2.811684510487423836e+02	-1.600856146922517951e+02	-7.314260092178028572e+01	1.158757372600983473e+02	-2.452661881486679079e+02	-5.394133126385989954e+02	1.283356519892170695e+02	-2.188233449707396119e+02
1.948715659185033360e+02	-3.459809924322450456e+02	2.857039397154887297e+02	3.624097501305769242e+00	-4.815653364634429749e+02	-5.204546845128516708e+01	1.648491053854286861e+02	-3.251789500221145204e+02	7.617237391725026896e+01	1.517655635539169907e+02	1.806437887737224628e+02	7.433165528229341845e+00
-2.483316115558436934e+02	3.851435821525293477e+02	-1.879794164290878200e+02	-8.390070553734159375e+01	4.304902229442410544e+02	6.892124622807935452e+01	-2.500283259414691202e+02	3.633284724740753973e+02	5.764779217639957665e+01	-1.433333463575458211e+02	-1.059300866642633707e+02	-1.003715848235273995e+02
1.838766914145923010e+02	-4.057319954701225697e+02	2.647387466204028783e+02	2.364154974183063302e+02	-2.429213195067785591e+02	1.733386413341358789e+01	2.970994288096063656e+02	-3.887936082369920996e+02	-2.322516172429458337e+01	1.374350619807859744e+02	2.449657008284705739e+01	-5.077409726734082085e+00
1.506161286147778640e+02	1.127547116368881746e+02	-1.177000376396746049e+02	-1.651747043804223267e+02	-2.115474975354203480e+00	1.052703469586498528e+02	-2.730961311281723738e+02	2.965644087042126387e+01	1.614939364295369160e+02	1.249720123970102463e+02	7.794689955465156572e+01	-4.417517561768056567e+01
-6.057450399546308972e+01	-4.284090704755966073e+01	8.155114616738153188e+01	1.646161019669756911e+02	1.255955936537606590e+02	-3.230434080353788318e+01	2.457369968126632216e+02	3.044272051927486089e+01	-2.140824926177481018e+02	-7.943988350953250688e+01	-1.265958737007561865e+02	6.134111652675620974e+01
-6.447873947358564806e+01	-2.124229977898898483e+02	-6.988030015469711032e+00	-3.047833887074403236e+01	8.484827662474766896e+01	1.198219064743285287e+02	-1.177228756200647979e+02	-2.823524615604010179e+01	2.635519222279091878e+02	2.137720011414798194e+02	7.581111323001991309e+01	-6.312878232968990488e+01
9.444763030962616313e+01	1.505737310833251570e+02	-6.511484748493627706e+01	-1.769434816902597731e+02	-1.807391808666832844e+02	-1.959682573781593078e+02	1.800395332912712547e+02	1.487727612283463827e+02	-3.031982742098987842e+02	-4.081700948985931063e+02	-5.238874319884710218e+01	-1.758251650875969574e+01
1.598035824063194070e+02	1.639564730155321683e+02	-2.450951953370426395e+02	-5.856096020515572036e+02	-4.562988382620421817e+02	-6.671249813925778938e+01	-4.674816476017801961e+02	5.327600574517069276e+01	1.118757869643782499e+01	-4.595915937027675113e+02	3.350374829037203313e+02	-3.905269796340958237e+02
-4.299163595442284702e+01	-9.789927824937343814e+00	3.899765731783410416e+01	2.449879625762586670e+02	1.710575864893519622e+02	-3.802278036661857641e+01	7.303886193475409527e+01	2.002507597580089183e+01	4.272222278827274522e+01	2.342006287480026856e+02	-7.099489465627222273e+00	1.724638418984289387e+02
-1.815361308771701374e+02	5.289268811803320602e+01	-7.223659977319691450e+01	-1.103552727164075264e+02	-5.649419636168985903e+01	1.460463955677501531e+02	-2.050127676978374893e+02	-2.543875811593504466e+01	2.265825774519659035e+02	5.251140927103864442e+01	5.703139073454546804e+01	-1.246885550238519187e+02
4.363472812579796312e+01	2.558040383446252690e+02	-1.829795654437780854e+02	-3.968652982151195943e+02	-1.549041007631431910e+02	9.294008618895889029e+00	-3.360745894638249069e+02	8.243736398023975198e+01	-5.999599285875638088e+01	-3.740664998030432002e+02	1.320521127734992604e+02	-2.849930330229252036e+02
-2.482579890271978798e+02	9.760427684735137177e+01	-9.360202310602811338e+01	3.789854456319502560e+02	4.813979721334889064e+02	1.254858561205984699e+02	4.345110901377181989e+01	1.735683496881592305e+02	4.520537582682464972e+01	2.320286198282971952e+02	-3.171463855165293353e+02	2.638060191188612293e+02
-1.454330682293830534e+02	-1.035256495290450118e+01	1.817691579895823963e+02	4.475231470984766702e+02	3.671066987269210813e+02	6.917394781283486793e+01	2.816718431182507061e+02	-1.570401434755422088e+01	2.678890809385237048e+00	3.005356262735935502e+02	-1.744105543260440925e+02	3.291713739949356636e+02
1.746008755611808994e+01	9.581376490649992661e+01	-9.929863352819940303e+01	-2.930861762136324842e+02	-5.497395999995173099e+01	-5.345835533983780152e+01	-2.728067249507047336e+02	4.504778564473578228e+01	1.151674303917097006e+02	-1.267671069039488998e+02	1.778917341269607846e+02	-1.190104502023954467e+02
-1.599350667628968665e+02	4.385363170856854822e+02	-2.621307777473070928e+02	-7.525425797364545133e+01	3.958149242009010891e+02	3.519553518548804050e+01	-2.699661493341387200e+02	3.240010369752325232e+02	6.390676761520417415e-01	-1.728875238180685869e+02	-1.529365400380372364e+01	9.993064957905250623e+00
-2.302792372666941958e+02	-2.682149472269578041e+02	2.722640456722911040e+02	6.357130111922771221e+02	4.299429309644917794e+02	1.506945750313134624e+02	4.381646021512227094e+02	7.740539014739962198e+00	1.141685556807983062e+02	5.565176039092633573e+02	-2.612018297670820175e+02	3.105711429627392022e+02
1.751520632500808574e+02	1.223426352073225019e+02	-2.594727057184801993e+02	-5.257744116078687284e+02	-3.822679073166601711e+02	-1.973596611288622569e+02	-3.408368011908665949e+02	1.817200044386246987e+02	-2.709912067976792969e+02	-6.667831743478565159e+02	2.090391226312571007e+02	-2.676004607982306425e+02
-2.241061787938429006e+02	4.458635871395154027e+02	-2.072172274552953297e+02	-6.435845767879337131e+01	4.052632908314868132e+02	9.892362791409243528e+01	-2.368296621091702150e+02	2.671511194329709724e+02	1.510265090548795541e+01	-1.892917663645266373e+02	-8.684287940638355963e+01	-5.777151050152440348e+01
3.850602883336571125e+01	-1.398520202927560518e+01	-1.266419877319387410e+02	-2.280984645255363432e+02	-1.901559163485439399e+02	-5.672946430463559153e+01	-3.338561986615655997e+01	3.802681004033581758e+01	-1.057963190223391621e+02	-2.709242705028202067e+02	1.148433888391317623e+02	-2.006402741120664643e+02
1.852067981169837481e+02	-7.200685487975420074e+01	9.069745595691043150e+01	3.226983959081895392e+01	-1.504720451843321030e+02	-1.753593325876627205e+02	3.074744803998339080e+02	-1.518942561581052644e+02	-2.543539494082482690e+02	-1.813111044399024365e+02	-1.042656896555541834e+01	2.020176421969747693e+01
-3.063996065079865048e+02	8.787579221851154898e+01	-1.441195702359550523e+02	2.722091217074848828e+02	4.577682113460996902e+02	-6.287482925213152640e+01	9.516065951144878454e+01	2.188444481982607499e+02	-1.716008673325156337e+02	-1.476016223533052312e+02	-3.127704133505259847e+02	1.508465645354475555e+02
-1.243443909260742828e+02	4.052249149685288785e+02	-2.261506481595725973e+02	-1.307318029572696787e+02	2.447780953616569946e+02	-1.120490191282247139e+01	-3.019788993876570089e+02	3.307275806719878233e+02	-4.297351813951627975e+01	-3.499606724478541651e+02	-6.650690184765808510e+01	-1.124342806212407169e+02
1.637858070338126879e+02	-2.983291993308186534e+02	1.808080041100674009e+02	1.798101590108078085e+02	-2.363422343336584674e+02	-1.181699528540179216e+02	3.450960150402119098e+02	-1.082587529038883360e+02	-1.743505050582606941e+02	-6.347160450566786949e+01	-1.471113176598046834e+02	2.615464769057290439e+01
-3.533872791719893769e+00	3.063934694519501818e+02	-2.459212801546360367e+02	-4.134043775085252719e+02	1.958091913040565757e+01	3.168285785047039838e+00	-4.484123085399832576e+02	1.963270425319126105e+02	-3.741064172689186762e+01	-2.937805930483138468e+02	4.289364305054166948e+01	-1.474261206080811917e+02
-3.759955565397008286e+02	1.065098777413315219e+02	6.880710797841624071e+01	2.962830988502166747e+02	4.723657989624274478e+02	9.868579382650767684e+01	1.341457628540576650e+02	1.434171831715068777e+02	6.285532087605898255e+01	2.340625947787773669e+02	-1.871563552406074677e+02	2.120326698535276648e+02
1.503676042935084922e+02	-1.972920419079675298e+02	8.384130348034463509e+01	5.933239806249925863e+01	-1.493495233215651865e+02	-1.147265298254453114e+02	2.247133675658196807e+02	-2.010809872770520030e+02	-2.451043567571875315e+02	-2.115698581489412504e+02	-3.731683451622014047e+01	2.286500303049051865e+02
1.406766229730405087e+02	1.189467888879835016e+02	-4.292052782855792259e+01	-1.085375110566639449e+02	-9.875469742669069717e+01	-1.193186955364768664e+02	2.223005520041930083e+01	2.995146964742755102e+00	-1.599560190239315602e+02	-2.663059029432735088e+02	2.462284000425715647e+01	4.260023693021601332e+00
1.514508531725956004e+02	1.589186568572773695e+01	1.633875917863034033e+01	4.404891603737266337e+01	-7.127491222372448476e+01	-1.061246890220930652e+02	1.113097624255129432e+02	2.876409881521139411e+01	-1.504671369874778861e+02	-3.187954127063215992e+02	-1.039670757743199658e+01	2.014049694908395693e+01
1.132285964747317735e+02	1.849641027807676892e+02	-2.973077859676880621e+02	-5.879111766797532255e+02	-2.500772216057869173e+02	1.087483343307337691e+01	-5.041284764496852517e+02	5.660105387471774208e+01	1.332203554852778211e+02	-2.108837018271553916e+02	2.194487128200437382e+02	-3.221039764538592749e+02
-1.366830693586839232e+02	-1.328180959885739298e+02	1.898398795765487250e+02	5.249397912335355159e+02	2.467349995717648312e+02	1.003360479271023991e+02	2.822363137514333289e+02	-1.400408214227648429e+01	6.056805855247688442e+00	2.500573847552505526e+02	-1.893524173536521289e+02	2.699018698005403394e+02
-2.867717984631727290e+01	-1.546387920086192480e+02	1.081533232270535336e+02	2.991478418461397837e+02	9.862819968997175124e+01	5.640955715269070936e+01	5.445361307665644546e+01	-7.291745661490406150e+00	6.330104352577122029e+01	2.489735309074129361e+02	-9.107276373307183803e+01	8.825314973714192490e+00
2.105072266051072347e+02	1.811212595049366598e+02	-1.394175928880707716e+02	-4.756173024155241364e+02	-3.149256047839364783e+02	-2.119250664447233703e+02	-2.211137568445366242e+02	6.690209132664104175e+01	-2.572323660573447341e+02	-6.302956897167431407e+02	1.912469191787718614e+02	-3.860221035248067665e+02
-6.698320562311076287e+01	9.385290839612378022e+01	9.309457401082273975e+01	2.565865902264226293e+02	5.171003436443015744e-01	-1.109932651534815449e+02	2.570336556559390147e+02	9.647275337652011729e+01	-1.407007893778596781e+02	-1.201366657299426208e+02	-6.642605333493219177e+01	1.327152344052993840e+02
-2.403086566327010303e+02	-8.489991259745079333e+01	7.947047007142600705e+01	4.244488443939237641e+02	3.302047421137333458e+02	6.800714201694974292e+01	2.263666782316554418e+02	4.950349155058142969e+01	-2.743225542192152844e+01	3.566034945433813164e+02	-2.192190990479342361e+02	2.748733913293414730e+02
-2.074535520399388986e+02	2.779423087198264284e+02	-7.670053788306994136e+01	2.837794610891452294e+02	5.304665356479761158e+02	3.747718313572845972e+01	1.320647635897873329e+02	2.527563760839110216e+02	-1.512286966476881958e+02	-4.734972210189795305e+01	-3.597512684304050481e+02	3.154152050331295527e+02
2.169985983378086303e+01	-3.676058922522155825e+01	4.528622740715079686e+01	2.557989225159623743e+02	7.507261503710269324e+01	-3.312971276901245687e+01	2.369810688899587205e+02	-4.267966132097175347e+01	-1.309077191529918593e+02	6.020674247553259306e+01	-7.943553827231762909e+01	1.120831116668725542e+02
3.585206707886626987e+01	2.391925344177585657e+02	-1.966027498502479318e+02	-6.690326046970368452e+02	-3.766038961695946341e+02	-1.756047385369100766e+01	-5.342839906355079620e+02	3.503409356547058451e+01	1.375279536597486185e+02	-3.049047754652164031e+02	2.046008698892116513e+02	-2.872885297629995307e+02
8.166751993543184085e+01	1.629109831800760162e+02	-5.721885121976613675e+01	-5.837483754257330304e+01	1.617143159969628385e+01	-1.150263526402548848e+02	1.150778155289413007e+02	1.001861230154355553e+02	-2.877694296000073564e+02	-3.414562281679460511e+02	-1.312315638249165204e+02	-3.449137773901959747e+01
2.397106180171907113e+02	-3.660134393578746312e+02	1.733957759656238693e+02	8.465868471441649490e+01	-4.481391134572455144e+02	1.965450729507530525e+01	2.349145391170255266e+02	-3.828323102686236439e+02	6.596483565226415635e+01	1.702717674440832809e+02	1.947632978950632321e+01	-8.628355937211061644e+01
-2.032185108757524574e+02	-1.729297553265662089e+02	2.710196560775389685e+02	6.179723528717452155e+02	3.431209526592473367e+02	-3.197585950699320279e+00	4.811383779031908716e+02	6.841142479171682567e+01	-1.743630303664695020e+02	2.676587345720558346e+02	-2.717109707611695057e+02	2.972921174143239114e+02
-2.694095785018848801e+02	2.654302154245868337e+02	-8.011516947453668536e+01	1.852939650679378758e+02	5.565392003230617775e+02	6.934705123518445191e+01	-4.658876098184208558e+01	1.916472819557076832e+02	-4.245134418435284829e+01	3.608441708640275181e+01	-2.769942293227362597e+02	1.679704552602584613e+02
-1.660364498966568192e+01	-4.210268677608535199e+02	1.943069278116188627e+02	2.251177042000418851e+02	-1.358612220796413226e+02	-4.919909914256440686e+01	3.738930624332239177e+02	-2.363531207068302251e+02	-8.447767628438546339e+00	3.649927483361915392e+02	1.336092125474526426e+01	1.763846544067551463e+02
-1.438579035118978879e+02	-2.026020332571402491e+02	2.607414021728276907e+02	7.057635334789547414e+02	3.586644394446836372e+02	-6.839480394682041720e+00	4.961223887194754525e+02	-8.816984976468397406e+01	-8.061921185999443651e+01	4.425188416228435813e+02	-3.060805537511841408e+02	2.831230063523245235e+02
-2.084620285867138421e+02	4.013379581674338397e+02	-1.679196075320143109e+02	1.241982511015921489e+02	4.707129143676732497e+02	-7.684243354112656021e+00	-2.257539754544380060e+02	2.830044452587124511e+02	5.885152052960024349e+01	-2.298203191064474993e+01	-1.716444984893291235e+02	5.627365836932865761e+01
1.096538600569241169e+02	1.621485285294849632e+02	5.501042570148597122e+01	-1.132520122327311043e+02	-1.253871503397067642e+02	-2.361035843977301738e+02	-4.580574100614711597e+01	3.854606790514033321e+01	-3.106024663383876714e+02	-5.004223485893966199e+02	-5.473527236172303390e+01	3.285218130057228336e+01
1.881289336070515503e+02	1.578571584305571207e+00	-7.242173546131093076e+01	-4.534172545667036047e+02	-3.831804764182710414e+02	-1.259724104999665428e+02	-1.759555635363650765e+02	-4.481979557349440313e-01	6.542099189350651045e+01	-3.380926240561661871e+02	3.067461578693404931e+02	-1.478843900629342158e+02
1.384495487627646639e+02	2.210823705946241375e+02	-1.705643701923295907e+01	-2.954532684613009224e+02	-1.149737680909580746e+02	-2.166749402646142357e+02	-8.741165742865490529e+01	2.387845698670641070e+01	-1.675195255578130116e+02	-4.258736122102259287e+02	4.472809273553545495e+01	-1.779778182109139095e+02
-2.381000827863191773e+02	2.982047987398270834e+02	-1.006005804252174016e+02	7.374294824159720463e+01	5.452972103370301511e+02	1.184390658352391199e+02	-2.241844326939041707e+02	3.382559373890207439e+02	-1.330442918801907126e+00	1.892105796382969629e+01	-3.731742674276554794e+01	5.340877016478059858e+01
-1.060140106587606397e+02	-1.557284374051205873e+02	1.477977141634407019e+02	4.249717602462573041e+02	3.413557517814946323e+02	4.189525145771654024e+01	3.396736584364933265e+02	-7.800579540180108040e+01	-3.710523165787681421e+01	3.061012354738396652e+02	-2.443395368453365393e+02	2.689769708969954536e+02
-3.093977164803330311e+02	3.503387507680324120e+01	-1.999134967101757354e+01	2.936060910706156051e+02	4.701570244309879172e+02	1.564871036802380218e+02	1.232881647575962631e+02	1.836071316591172717e+02	6.148307947742898705e+01	2.446200903566347051e+02	-2.458994164595095242e+02	2.127895246686518931e+02
-2.854645000153119838e+01	-9.501261951317337662e+01	1.283012788335292420e+01	1.350394370914051478e+01	7.674406879958766581e+01	9.807905727318592426e+01	-5.040209378587698552e+01	-9.553942910460239091e+01	1.613207496037956048e+02	2.924813238151776886e+02	1.457224195137235370e+02	1.555293940226142411e+02
-1.665335248045023775e+02	4.761137050036658991e+01	9.616791851543244718e+01	3.823394968487075971e+02	4.169589243219097057e+02	2.171286354547193014e+02	2.224971441901915057e+02	2.967358819812127280e+01	6.053073821918191300e+01	3.414071461994031438e+02	-2.346643746091206708e+02	1.849771889464019523e+02
-7.811046168853883387e+01	-2.112925696349183227e+02	2.037308346783971729e+02	7.078559253829682802e+02	2.862967084647316369e+02	7.512753501438675130e+01	5.466862492585768223e+02	1.334910964913440523e+01	-5.588828213060465089e+01	4.539929942822921021e+02	-2.778482789306985410e+02	3.226062969971484335e+02
-1.439408008791089344e+02	3.446282722546494881e+01	1.242462652181085048e+02	1.386815856008754793e+02	2.938254017025051468e+01	-8.561800794827290417e+01	2.305857824421757982e+02	4.494900920276819534e+00	-1.800062771237877541e+02	-4.050869450433967245e+01	-2.004126787245257901e+02	4.613247944149392765e+01
2.116598599617991994e+01	-2.055789066715180624e+01	-8.073266618907661041e+01	-2.034934375758991791e+02	-5.904664263065393470e+01	4.481764095777516843e+01	-1.974336722378753848e+02	-5.634144017250050496e+01	1.831288273048726012e+02	-2.995197859471447543e+01	1.070397346247493715e+02	-1.275504401202131106e+02
2.689118531446625298e+02	-3.880755186294811665e+02	1.545751958876087144e+02	-1.976763739640171593e+02	-5.171845767850666107e+02	-1.213191007737230365e+02	-3.529312755913345256e+01	-3.018111285590026114e+02	-1.130268029362847244e+02	-7.210846879627351314e+01	1.201010219390951761e+02	-1.117935100459939122e+02
-1.790233647260158136e+02	-1.742989963816435761e+02	2.511194220130372798e+02	6.916875220740797658e+02	4.180885893495244545e+02	1.634970619997133667e+02	3.971769987530437902e+02	-1.721939183675175968e+02	4.841478884599476373e+01	5.114562719113409344e+02	-2.830470992529313889e+02	3.734602383482254595e+02
1.640288349061767690e+02	-1.450877968396428059e+02	1.333174643167737088e+02	7.449188854880011945e+01	-1.510118056356128022e+02	-1.593801309840163754e+02	2.274508084453959498e+02	-3.490883189697953526e+00	-3.323314301410233611e+02	-2.125773359927330262e+02	2.386972851050359168e+00	-6.869767138193438427e+01
2.349044345726930203e+02	-3.146564676934162890e+02	1.705903892878082502e+02	-7.920965592133860866e+01	-4.906471506290831144e+02	-1.238685607424216784e+02	6.961156518039892660e+01	-2.774516286566504277e+02	-7.197679227054202045e+00	-1.523148049637807162e+02	2.970739377427645991e+02	-8.466951991508096853e+01
-2.375067234422709532e+02	3.194847349906189038e+02	2.586214560802233109e+01	2.531346327175401143e+02	4.548542418337966637e+02	-9.248886756610474436e+01	1.624679439358770878e+02	1.539013213272003213e+02	-1.978611636840623476e+02	-6.750177555138489538e+01	-2.268188945765122355e+02	1.326112625659037576e+02
7.759166659337162741e+01	1.946005972277199874e+02	-2.269181992482594126e+02	-4.079067095054967353e+02	-2.018311542952595232e+02	-2.130370188785778680e+02	-2.652436451204930563e+02	1.346992949383521534e+02	1.136953822730868779e+01	-3.618140189960074622e+02	1.580779936827384802e+02	-2.746511080265045166e+02
9.247710813949346687e+01	1.231343887316270411e+02	-3.965217642600179460e+01	-2.500512291634835549e+02	-1.503372447079170797e+02	-7.577123326428441885e+01	-1.837344545588709082e+02	-7.708538956957805510e+01	2.758344833313769584e+01	-6.999004893245633241e+01	1.845896939299921158e+01	-1.913696331019812931e+02
-5.798912301003716863e+01	-1.752293186005101688e+02	7.803647339993224818e+01	2.208696738631315952e+02	1.607613605295473462e+02	6.285039284935142234e+01	7.468646834859427486e+01	-1.372664273072087404e+01	4.886725230652757546e+01	1.075848163178210939e+02	-1.692224359145492940e+02	1.088199591040068555e+02
-1.412809828308478473e+02	4.517785180723156486e+02	-2.105849792984208477e+02	-1.447677464977828663e+02	2.674727983286845756e+02	-4.776859725669194034e+01	-2.986870552522343587e+02	3.493700577467704420e+02	1.429329531898559935e-01	-3.201601880221807050e+02	-6.823971427414009838e+01	1.372999290872980538e+01
2.047372599876835153e+01	-3.609690642427757439e+02	1.826855954203129500e+02	3.943104253493406191e+02	-2.217364696545279656e+01	4.065826312112949381e+01	3.196765097165829843e+02	-1.464255562257795873e+02	-1.841699115891694305e+01	4.418189514339347284e+02	6.328425010832393127e+01	1.545797635891702839e+02
